timestamp,LinearAccelerometerSensor
1587389189981,1.026015492733141
1587389190037,1.3412972176551614
1587389190096,1.2273340410592772
1587389190154,2.450039423411291
1587389190213,3.1233719208680375
1587389190273,1.180617565820248
1587389190330,1.8557302190360283
1587389190389,1.0942247177978828
1587389190453,0.6717325103833977
1587389190507,1.9187691877070492
1587389190585,3.5670771056649153
1587389190624,1.8457471731268378
1587389190683,2.1057520518324058
1587389190748,3.6054793302932517
1587389190801,5.633968747811649
1587389190859,6.138224746581929
1587389190940,2.0364450777863095
1587389190976,2.4070128185404753
1587389191035,4.844507170532602
1587389191094,4.679566039481769
1587389191172,1.6828278040566358
1587389191210,4.903536295127409
1587389191269,2.389582587466225
1587389191329,2.635829204693179
1587389191388,5.3077606602906195
1587389191446,3.587191759218794
1587389191505,4.01896107358132
1587389191563,8.69414414390626
1587389191623,4.66340977687682
1587389191681,5.138948207661785
1587389191739,5.7976991627951335
1587389191824,8.105542168342192
1587389191857,5.808570107551078
1587389191919,3.436976722423141
1587389191976,5.193639959278206
1587389192034,2.285156354333598
1587389192091,5.345335964852765
1587389192164,9.917478725832678
1587389192208,11.354547579380778
1587389192279,13.868303212158834
1587389192326,14.507652631052387
1587389192397,7.398214495962622
1587389192443,13.098680828737105
1587389192503,13.657183512680184
1587389192571,14.23698393009493
1587389192620,11.212589368176982
1587389192678,15.918650771431997
1587389192738,16.489981644286516
1587389192795,7.907020501147471
1587389192854,15.002765654869167
1587389192912,9.382093670424794
1587389192971,15.062531403948071
1587389193030,21.176011473222772
1587389193088,12.790346224515142
1587389193147,17.888992488289936
1587389193206,19.776362726878727
1587389193270,18.019117587518334
1587389193323,16.872515912361457
1587389193385,25.301107824142925
1587389193440,26.313919572751796
1587389193524,14.339992188859885
1587389193558,12.72750305859108
1587389193619,7.299577820993902
1587389193676,11.713446065338156
1587389193733,20.74041820961587
1587389193792,14.916272774438168
1587389193851,15.147937878558132
1587389193910,16.268630395977944
1587389193968,17.314227407052414
1587389194027,14.016408840957622
1587389194085,13.189656592027898
1587389194144,17.79851853281308
1587389194203,6.236740390186213
1587389194261,8.58075455626618
1587389194321,9.300805038556307
1587389194380,7.711462372112303
1587389194439,18.842865728630226
1587389194497,26.15884120416138
1587389194555,15.037070687904837
1587389194614,16.39549498671434
1587389194691,18.612933250288293
1587389194732,17.887758196893955
1587389194791,5.8647566431522495
1587389194851,12.122346882733249
1587389194908,18.097686181310237
1587389194968,5.7590261187059655
1587389195025,6.754554907128093
1587389195083,7.573395250004649
1587389195143,7.209423563396388
1587389195225,19.903993966791642
1587389195259,12.582028218138412
1587389195320,11.818925996838715
1587389195378,15.135919333728904
1587389195435,15.870110186727349
1587389195494,14.711313495095418
1587389195552,6.775171887233747
1587389195610,21.62577756685511
1587389195669,10.196324183521664
1587389195728,8.577865735636882
1587389195787,8.613474345908113
1587389195846,7.101105896693464
1587389195904,14.364424821044981
1587389195963,26.869706737080676
1587389196022,14.239088733104333
1587389196091,16.394485179081087
1587389196139,18.476346127168583
1587389196219,20.711157050420614
1587389196260,13.989322405228277
1587389196316,15.691505923725003
1587389196373,17.514855755019525
1587389196432,8.32202383002124
1587389196491,11.403546072915626
1587389196550,10.21557306490603
1587389196608,6.7977866778122
1587389196668,18.378516451100165
1587389196726,18.341153690571698
1587389196785,13.07755036726674
1587389196843,16.870927785563637
1587389196902,17.123492320721628
1587389196961,16.427670168589604
1587389197019,8.122043952197364
1587389197077,20.169555625275777
1587389197138,12.979513017779633
1587389197195,7.4528987698238724
1587389197255,9.370029606889425
1587389197312,8.030475742408669
1587389197371,6.130652485856929
1587389197433,12.074245920585735
1587389197489,13.658960418239422
1587389197549,8.668358222012788
1587389197607,10.762652381234696
1587389197665,13.520566744691447
1587389197724,16.174154428729032
1587389197785,13.533188890209356
1587389197840,17.35236800246493
1587389197902,24.21158790268683
1587389197958,7.485990537082522
1587389198017,13.181615592332506
1587389198075,15.237436591400574
1587389198136,13.090459806265521
1587389198193,13.211129230572041
1587389198252,41.15657329504759
1587389198309,17.47054143738065
1587389198369,16.40519155811945
1587389198428,18.431177742843275
1587389198486,21.98533974206946
1587389198545,19.561514832671527
1587389198604,11.496426234361241
1587389198663,28.436926934473114
1587389198721,33.45761843654316
1587389198782,8.62798047744318
1587389198838,11.013293470013437
1587389198900,7.730297516578791
1587389198956,10.743876287706726
1587389199015,24.72540602548318
1587389199073,16.130096812894813
1587389199134,14.481068847998367
1587389199190,17.077177895741805
1587389199253,16.28334544456966
1587389199308,16.95361462426597
1587389199366,13.215489772304128
1587389199425,22.219749889597093
1587389199483,18.17607633612278
1587389199542,8.063919770371497
1587389199601,8.40779093973727
1587389199660,7.5478446763982365
1587389199718,5.935971675733251
1587389199777,10.276636265319869
1587389199835,23.20414823080536
1587389199894,12.848011358728767
1587389199953,13.65719133358211
1587389200011,18.193702295647697
1587389200076,19.72220713058157
1587389200128,23.42516081438263
1587389200187,19.399471063383725
1587389200249,31.273822950722302
1587389200305,11.929824358661598
1587389200366,8.16618683112503
1587389200423,12.815387084211077
1587389200483,12.03789639874971
1587389200540,9.6568275451778
1587389200599,20.720460018515666
1587389200657,20.135464997948116
1587389200716,12.47384042491682
1587389200774,15.370149172851352
1587389200833,15.806771790085037
1587389200892,14.445255987078475
1587389200951,8.5701900949839
1587389201009,28.465855540289404
1587389201068,15.182487759596992
1587389201126,8.760290144204388
1587389201187,11.438002945311437
1587389201244,12.210144602976081
1587389201303,7.624589002194976
1587389201361,17.989143488428393
1587389201420,32.19531913522135
1587389201478,13.513428402606898
1587389201538,15.363199807500887
1587389201599,17.268335300564857
1587389201655,20.29308041054458
1587389201712,18.51156502165015
1587389201772,16.79499171855026
1587389201831,24.442183804257215
1587389201889,50.62065953615184
1587389201963,15.749435172473746
1587389202007,13.391025532771414
1587389202066,15.709137239130975
1587389202124,9.893839574373414
1587389202184,7.330487681737117
1587389202253,31.237430089144958
1587389202301,31.197969380346397
1587389202359,17.165262603128884
1587389202419,17.404631671290296
1587389202476,15.663503341017377
1587389202534,17.374750588362772
1587389202593,15.259962486130986
1587389202653,16.948289200858518
1587389202711,26.27680225815277
1587389202771,11.556524268733577
1587389202836,14.621741298611312
1587389202887,11.093692575225495
1587389202949,7.720304139624344
1587389203004,29.50171203817829
1587389203065,17.99125628560649
1587389203122,9.304985137714404
1587389203182,12.920457902948913
1587389203239,12.067990649458993
1587389203299,9.27022629940013
1587389203356,1.9127310345294946
1587389203415,7.078982404436687
1587389203473,5.055432696590457
1587389203533,3.7702574035438285
1587389203591,4.588569678554123
1587389203650,7.167637190049702
1587389203708,6.941297711676048
1587389203767,9.585618341009212
1587389203826,14.373242080011906
1587389203884,6.955740378906476
1587389203942,8.700112388147998
1587389204002,10.262243634273146
1587389204061,10.08465752431943
1587389204119,12.193236580602662
1587389204179,15.266351157402767
1587389204238,28.68542339978617
1587389204295,10.71899556137265
1587389204354,9.242622939208692
1587389204416,15.125383860863716
1587389204473,11.943994163680392
1587389204533,16.93563956427899
1587389204588,24.77328228428197
1587389204649,15.489157052791953
1587389204705,15.303749791813432
1587389204765,14.934530178428467
1587389204824,10.73525522057482
1587389204887,4.122605987352311
1587389204941,3.7006129504592136
1587389205001,5.666790493378912
1587389205057,4.672138525633627
1587389205116,4.231249116477705
1587389205176,5.498375739498446
1587389205234,6.968407592572402
1587389205292,6.831728056630042
1587389205352,7.84961836549311
1587389205410,5.485971593357016
1587389205468,2.904439382641925
1587389205527,9.993356023469614
1587389205586,13.599108251619215
1587389205645,11.435940328681847
1587389205706,7.727734236781579
1587389205766,21.981749854371383
1587389205820,20.472408427831287
1587389205882,8.544802900957455
1587389205937,12.46115117861464
1587389205996,12.984475476258357
1587389206056,8.108863652742567
1587389206117,14.459569403646404
1587389206173,22.64540284515891
1587389206233,11.705499670419016
1587389206289,13.79008716093738
1587389206349,15.207778265591283
1587389206407,16.43315130807425
1587389206466,17.220940479997747
1587389206524,17.296890879057752
1587389206584,28.266279273107603
1587389206643,8.880845414891711
1587389206703,8.010226865453633
1587389206759,16.358090588010167
1587389206818,22.22975798097177
1587389206883,15.3551363524504
1587389206936,30.123001222267323
1587389206994,21.415444107883697
1587389207053,16.42848103184442
1587389207110,17.54022998619887
1587389207170,14.392086058430905
1587389207233,12.00958759041279
1587389207288,10.502497058224192
1587389207351,31.55995793444945
1587389207404,14.974965885486498
1587389207463,12.253210153164646
1587389207522,12.231736874331895
1587389207580,10.491881728953842
1587389207639,10.198145260195448
1587389207700,39.900679304798494
1587389207756,19.234876364302423
1587389207817,14.962995534035372
1587389207873,18.912444104139144
1587389207933,19.865504653707752
1587389207991,15.869071273886924
1587389208049,11.621045824481008
1587389208107,41.067181882062165
1587389208167,20.581436296321286
1587389208225,7.137159445633296
1587389208284,16.49374548538684
1587389208343,19.55958101475224
1587389208403,11.523428230928475
1587389208461,23.629275303470216
1587389208518,25.57544154944776
1587389208582,19.188271373440113
1587389208636,21.76768388615514
1587389208695,23.441858969653516
1587389208753,18.481123908409053
1587389208813,7.905826602500135
1587389208871,40.90132884359474
1587389208938,13.581183015646767
1587389208988,10.77635192178631
1587389209055,13.63045231629089
1587389209106,12.386471142274479
1587389209171,19.550476474272788
1587389209223,25.196728400137832
1587389209281,15.042039072317456
1587389209340,18.506708526857143
1587389209399,20.500369184937867
1587389209458,20.131490667705318
1587389209517,10.370907999160478
1587389209576,29.50997290707944
1587389209634,16.1899355672552
1587389209692,7.764698733192185
1587389209751,12.7290591138093
1587389209809,9.270254692850273
1587389209868,13.030052075109989
1587389209935,28.05834875858866
1587389209990,14.971932664161809
1587389210047,17.12948661003702
1587389210102,20.93773102134674
1587389210163,23.834258944092692
1587389210220,20.58094994134822
1587389210281,19.48264499010714
1587389210338,28.99425265482314
1587389210398,13.771107511729381
1587389210455,10.879811592714681
1587389210513,9.895979602468897
1587389210573,6.746937374870889
1587389210631,12.691966506178044
1587389210690,26.300188024740788
1587389210749,20.18625053578201
1587389210807,22.6696404395008
1587389210883,24.022549526271924
1587389210924,25.806654150383384
1587389210983,18.071183067821075
1587389211041,28.16323681175237
1587389211100,27.673103533570057
1587389211160,10.207986465062463
1587389211220,11.000239282953192
1587389211277,13.35678428827229
1587389211335,7.158070694972127
1587389211401,15.658215184330206
1587389211452,21.925594392242253
1587389211512,11.730420620946887
1587389211569,16.359571803675344
1587389211628,20.999056840334372
1587389211687,21.24363918471943
1587389211745,11.422802763491665
1587389211804,31.89432529212436
1587389211862,18.683168655654345
1587389211921,12.300803578496724
1587389211980,11.119597076690738
1587389212042,8.030869530597572
1587389212101,21.799919982203345
1587389212156,30.061998517776768
1587389212215,18.44828041560971
1587389212274,17.990047670463436
1587389212332,20.433782303541253
1587389212391,25.601946327607962
1587389212450,22.837122841713228
1587389212508,17.8371214839175
1587389212567,36.12985038534186
1587389212625,9.682752664284823
1587389212685,11.020180310887506
1587389212745,14.345838074799234
1587389212803,10.500783981846233
1587389212862,18.322226379241894
1587389212919,26.37844782707324
1587389212980,16.247891802849665
1587389213036,19.71192681078514
1587389213096,22.543515320548668
1587389213153,21.851309716539305
1587389213222,13.08914373034959
1587389213271,32.03155487659786
1587389213329,24.271477381029207
1587389213388,12.335228714200666
1587389213447,13.93878250037547
1587389213506,12.454544426830024
1587389213564,11.529763888400561
1587389213623,25.776771628084195
1587389213684,20.075115289986506
1587389213740,15.95381986503962
1587389213809,20.621842206179412
1587389213880,23.103549225528234
1587389213926,19.94518703446633
1587389213974,15.854950025390089
1587389214041,33.64381625306964
1587389214103,20.61589376388018
1587389214151,10.0169320763723
1587389214227,14.122098101385511
1587389214271,14.36366262751769
1587389214376,14.562053624462408
1587389214390,33.323723997396925
1587389214454,17.690263835520163
1587389214503,17.85556916196334
1587389214579,19.717084666206993
1587389214621,23.18661554916974
1587389214693,19.078827216294474
1587389214739,16.28381491462698
1587389214805,34.55831624485903
1587389214858,15.090224460476993
1587389214914,13.223281119836285
1587389214972,15.66409708147679
1587389215034,8.009592027882881
1587389215091,9.29694229229848
1587389215151,25.60227412613355
1587389215208,13.264003623124422
1587389215267,14.833497693012047
1587389215325,15.98596338637822
1587389215388,17.551881451299423
1587389215449,18.58173029304843
1587389215506,11.125435467030254
1587389215565,24.819680508164158
1587389215619,12.83807945838035
1587389215703,6.430605557464504
1587389215738,9.251539772339504
1587389215795,16.858466292702534
1587389215853,16.79160346057945
1587389215911,18.99399431579254
1587389215975,14.959606970045776
1587389216035,15.75546751035102
1587389216087,17.87992481599912
1587389216146,16.238400119092226
1587389216204,7.55531638209446
1587389216266,20.88744088603432
1587389216324,7.771331962017013
1587389216391,3.5577847244726484
1587389216447,6.0971469898646555
1587389216498,11.044379787481809
1587389216557,12.031303901056207
1587389216615,17.75787178966125
1587389216675,16.56454052141341
1587389216732,13.483883315014621
1587389216797,16.67816701207937
1587389216860,18.11734836469118
1587389216916,17.792289109550026
1587389216967,11.205995753181085
1587389217036,32.577251936742606
1587389217086,15.424105002777916
1587389217146,7.91658906062051
1587389217209,12.674895842536168
1587389217275,11.997441336918989
1587389217319,10.92758548965823
1587389217386,23.964511063807326
1587389217443,14.907082716356836
1587389217496,22.829198458248456
1587389217554,24.956588285022555
1587389217614,19.356942505068595
1587389217672,11.87612299377542
1587389217730,23.45521205737117
1587389217794,19.037821018971435
1587389217850,11.279594321023916
1587389217907,11.969814482281436
1587389217965,11.120093817555249
1587389218024,5.746088107046005
1587389218082,6.8309931896132765
1587389218148,15.115714761918204
1587389218199,6.922436831300782
1587389218260,9.594147217321439
1587389218328,10.900967868215519
1587389218376,10.78388427396083
1587389218441,9.476797178024755
1587389218494,2.856126952077207
1587389218552,11.173557224200378
1587389218611,5.943857102577364
1587389218675,7.421888877454132
1587389218728,6.864056008846236
1587389218788,4.244985876340701
1587389218845,6.016749210090853
1587389218903,9.164012547817823
1587389218965,2.796449426421163
1587389219021,5.066429591069981
1587389219094,8.40628494198709
1587389219139,8.470267860113417
1587389219198,6.530816606807897
1587389219257,4.4052651028310095
1587389219318,3.9447325629611614
1587389219373,3.9914183351576806
1587389219431,7.149687977631627
1587389219494,13.630973976135598
1587389219556,11.142304410255573
1587389219621,16.11074080352239
1587389219667,21.21754903863854
1587389219727,10.883687375099775
1587389219783,17.942155081123285
1587389219859,21.958213656230242
1587389219909,23.154323152795083
1587389219959,22.057287362258535
1587389220024,34.14182813955541
1587389220081,35.09943151638552
1587389220135,19.231952083889748
1587389220195,16.895180171785956
1587389220253,11.279238872956928
1587389220317,12.723038833670435
1587389220370,33.37226039200634
1587389220436,18.927467433270095
1587389220487,19.306752754005448
1587389220549,24.228652209535408
1587389220605,25.982350154119047
1587389220668,23.25717347753296
1587389220722,27.51708010065067
1587389220789,42.160035909966766
1587389220847,11.288935444786745
1587389220899,11.862838138950455
1587389220981,17.85949461355395
1587389221026,9.74854991595505
1587389221084,19.917682616472902
1587389221132,31.19351340135177
1587389221214,17.609595959960206
1587389221258,22.343302005998353
1587389221311,23.58768806645349
1587389221368,25.331456298891627
1587389221433,19.223562342112707
1587389221485,35.205392736544994
1587389221549,28.48765537542643
1587389221606,12.686788003421118
1587389221671,13.796291040869463
1587389221720,10.831020480022733
1587389221779,7.807031533401501
1587389221839,30.985019140429984
1587389221898,17.244371463407088
1587389221955,17.29314654655042
1587389222014,23.943084623112604
1587389222072,28.06012482988538
1587389222143,22.59201022001473
1587389222188,32.524907823178374
1587389222254,32.615979580926854
1587389222312,13.062054932235371
1587389222365,11.912849579652296
1587389222435,14.96133270936883
1587389222482,9.452183498440114
1587389222554,16.74127516617098
1587389222599,26.87422555206824
1587389222670,17.130208135388163
1587389222719,20.117136680761053
1587389222782,21.357633261556774
1587389222834,23.685582870968155
1587389222904,20.044114860161418
1587389222952,26.606807027070747
1587389223010,40.9930801134472
1587389223076,10.920322029479674
1587389223135,14.261533118998702
1587389223187,13.134267677596563
1587389223246,6.787440695600151
1587389223304,22.418276061341114
1587389223368,22.898348206495978
1587389223421,15.543388428142848
1587389223491,20.122427260582207
1587389223538,23.84646962905686
1587389223597,21.593103423975805
1587389223658,13.149231259463184
1587389223713,33.31442009006761
1587389223783,15.92633934437256
1587389223831,8.709640283175
1587389223899,10.335672503452923
1587389223949,10.369784595455798
1587389224011,10.447578726437872
1587389224067,25.68014383911539
1587389224126,17.61618102723672
1587389224184,16.12914607247835
1587389224246,20.79236001774262
1587389224302,23.974305703906733
1587389224368,22.358771720547676
1587389224419,14.42261560259832
1587389224488,36.801625224174884
1587389224536,22.347444242242922
1587389224595,9.869103711525563
1587389224652,12.926414568762508
1587389224712,11.675420546870638
1587389224771,7.82537562044623
1587389224830,23.527670295446807
1587389224888,20.174312098615502
1587389224951,15.326455494898662
1587389225020,19.90165103983406
1587389225074,20.41136995494178
1587389225142,22.21197964601359
1587389225181,17.721929140500972
1587389225249,35.114181427233746
1587389225300,17.97537921192485
1587389225371,11.240424255835359
1587389225416,13.996668828019402
1587389225480,9.413116280896341
1587389225533,11.275600889311358
1587389225605,21.466169132761628
1587389225652,12.829436928575504
1587389225721,17.114135860166424
1587389225767,18.397827086476987
1587389225827,21.43600734485487
1587389225886,19.58767941994645
1587389225945,26.050120242494803
1587389226002,37.31979487944367
1587389226062,7.8667506046450715
1587389226121,11.04053726658108
1587389226188,10.806283563988687
1587389226238,5.941227756605479
1587389226298,11.147382187700925
1587389226358,12.463932952073717
1587389226413,9.663745526455964
1587389226480,14.25277201142871
1587389226531,16.432857887761795
1587389226591,18.748143625551222
1587389226647,15.926776225204346
1587389226718,28.820548631792214
1587389226765,26.200286584116665
1587389226832,8.581081304816037
1587389226889,8.919209150486225
1587389226951,11.725850713324466
1587389227001,5.321594531944984
1587389227059,13.344800849649157
1587389227119,20.821803857234382
1587389227190,12.580655316142865
1587389227236,17.06029990966784
1587389227303,22.456123125337385
1587389227356,23.431926420617874
1587389227420,18.99726125152238
1587389227472,28.481209968838446
1587389227528,13.172532396665835
1587389227587,10.059837225930002
1587389227645,17.90849356717932
1587389227706,12.788961085043837
1587389227763,7.375861941901186
1587389227842,12.778921199630554
1587389227880,15.104556051913297
1587389227943,6.709413935029088
1587389227997,11.224886520253918
1587389228059,13.869178994322718
1587389228114,7.158334486772166
1587389228173,6.582762037509823
1587389228233,8.67487587084171
1587389228311,4.320957018493017
1587389228349,4.662446884384532
1587389228410,5.587586144928949
1587389228467,7.3410714966545685
1587389228542,11.006351371267979
1587389228584,4.72597087593807
1587389228646,6.018822392457129
1587389228706,11.226569295839974
1587389228764,10.319905159684502
1587389228819,6.9749337032544565
1587389228877,6.304494181225288
1587389228936,14.098863033690817
1587389228994,6.440601083414019
1587389229054,5.420010556706919
1587389229122,4.521893542501504
1587389229177,6.948006312427277
1587389229229,4.122419995421663
1587389229302,4.003605648014606
1587389229349,7.511209884285038
1587389229407,3.111716457541366
1587389229464,6.165752068131983
1587389229531,7.950833873081725
1587389229582,4.857143269867438
1587389229661,3.142320469452353
1587389229699,6.356342614323434
1587389229761,3.5226389451573734
1587389229817,4.722690578995372
1587389229880,3.8847166492717835
1587389229934,4.75777942664767
1587389230009,4.932110126166169
1587389230059,7.858301533068016
1587389230111,5.132302640677751
1587389230168,3.282519866813511
1587389230230,10.388006674921934
1587389230286,11.059437128406127
1587389230344,8.38701121331581
1587389230403,4.281840931004193
1587389230468,9.713716730716898
1587389230541,6.498100590118383
1587389230580,8.957725421476285
1587389230640,10.878564009428201
1587389230703,6.8794047723602265
1587389230764,5.154929992022806
1587389230814,4.109708707190691
1587389230873,5.352766494637905
1587389230931,6.724864359909402
1587389231008,6.568582096004672
1587389231059,4.8366860348089995
1587389231108,5.223520987685324
1587389231165,4.327510197901266
1587389231225,3.8617716772306134
1587389231283,4.362901799189961
1587389231345,4.703115672358898
1587389231401,6.698506362450734
1587389231459,5.1020673937202625
1587389231518,13.841073012018375
1587389231578,8.482749937890958
1587389231635,4.607431810343251
1587389231700,8.906380207381533
1587389231753,11.747909035195104
1587389231813,14.847964039989202
1587389231869,14.631563197470136
1587389231928,12.325718014986426
1587389231995,37.35957104716441
1587389232046,12.308227417390496
1587389232108,10.585840564016507
1587389232164,10.046570863762692
1587389232229,6.965264924344845
1587389232280,22.18955550007741
1587389232347,18.211157026240123
1587389232405,13.05198019504009
1587389232465,17.727326001351788
1587389232514,18.980824481514148
1587389232588,14.537921645527065
1587389232632,5.61623496519921
1587389232692,14.367586828327548
1587389232754,10.79736115041541
1587389232812,5.844522843280279
1587389232868,7.347857945547086
1587389232927,9.601812398217662
1587389232984,12.164465787911668
1587389233044,22.756476853184704
1587389233102,16.14937482161171
1587389233160,12.756083514385463
1587389233219,17.857071428428572
1587389233277,18.832184793114983
1587389233344,15.095133905565499
1587389233396,7.81361759584394
1587389233457,23.63363247544429
1587389233511,14.089773357184846
1587389233587,9.559608969891318
1587389233631,12.180420995993876
1587389233694,9.761382672285965
1587389233748,12.278800894876325
1587389233816,19.470386417984237
1587389233864,9.947853309203236
1587389233923,15.286802815894214
1587389233981,15.667448200184635
1587389234040,14.990436302589467
1587389234113,5.751049443549276
1587389234175,9.573200696205225
1587389234217,16.874484584142674
1587389234275,5.932162164263148
1587389234334,11.632203198238809
1587389234393,12.383606047128145
1587389234451,7.611682956990795
1587389234520,23.247828884684317
1587389234568,15.578058393789403
1587389234627,14.502622696032486
1587389234687,20.26995393963301
1587389234745,20.186710873701973
1587389234816,14.660788022624702
1587389234865,13.587708562322398
1587389234932,17.849153625767524
1587389234979,16.21382786732757
1587389235038,11.399942739242501
1587389235097,12.113596164481166
1587389235160,9.661117363985552
1587389235215,18.02874579799793
1587389235287,19.098691310286814
1587389235331,10.217085303171602
1587389235391,16.188632999080134
1587389235449,18.09674268887265
1587389235525,16.94454347897687
1587389235567,8.66135737822316
1587389235629,21.70828491127437
1587389235690,16.80381397369359
1587389235750,6.753968379196596
1587389235807,12.93170301511343
1587389235861,15.279925392328236
1587389235918,14.282995739170275
1587389235983,24.168133851161457
1587389236034,12.6709748688085
1587389236094,16.31912319146716
1587389236158,18.321213663870292
1587389236210,17.855045304402495
1587389236270,11.442954508593582
1587389236328,9.95542663119867
1587389236389,31.13802791164788
1587389236446,12.883957792860201
1587389236507,7.461587831604611
1587389236566,13.413422628703344
1587389236625,15.260610922487313
1587389236681,11.859894149333646
1587389236739,16.886413783245523
1587389236798,19.64722287498207
1587389236859,15.43487798377504
1587389236914,19.519426108507105
1587389236974,22.935344542798457
1587389237033,13.274649669672607
1587389237091,25.067026847253693
1587389237151,17.56712155606675
1587389237210,10.498157521219238
1587389237268,11.714306449207204
1587389237336,10.090000649065615
1587389237385,9.597926519902375
1587389237445,14.308626275386183
1587389237502,12.839424240180552
1587389237561,11.193468600878267
1587389237624,16.431194764135476
1587389237678,16.340281247878373
1587389237745,10.371812445672315
1587389237796,7.029658565559201
1587389237854,14.462396202934839
1587389237912,4.544693571027756
1587389237984,5.09303812306545
1587389238030,3.698161730458979
1587389238087,5.077559313444104
1587389238147,5.948783673253055
1587389238205,7.490297781266829
1587389238264,1.2688933192894132
1587389238338,5.412886234448767
1587389238381,7.615627594682442
1587389238442,8.271381760358176
1587389238498,4.177517735953266
1587389238557,5.74255785104577
1587389238617,5.423639631447377
1587389238675,4.7825257836946475
1587389238734,5.152268230587561
1587389238803,5.943438641950046
1587389238851,5.827888054415998
1587389238910,9.747003339318177
1587389238970,6.731205524095754
1587389239028,3.2385926689351905
1587389239098,7.500039164123005
1587389239145,8.784319900996712
1587389239206,6.521659270640715
1587389239262,4.506111657165821
1587389239322,8.892281912552294
1587389239379,5.315054963510417
1587389239444,5.414406681542749
1587389239497,3.8644558593345475
1587389239565,4.97025338707087
1587389239627,6.642238717071267
1587389239674,9.189670436126063
1587389239731,5.050974217480653
1587389239797,5.652021650668371
1587389239849,8.742060083410152
1587389239908,8.087891804138406
1587389239967,3.931943454440623
1587389240025,4.739750293962868
1587389240084,7.707079261286087
1587389240143,2.94511465526244
1587389240201,5.778734804430933
1587389240260,5.3151775120171605
1587389240318,2.871935828626322
1587389240381,8.382630928398212
1587389240444,9.442844923616232
1587389240494,2.7243801006804094
1587389240553,6.145693330193841
1587389240616,7.932673150597407
1587389240677,7.752664907719585
1587389240729,3.5776225574328198
1587389240790,4.597371652459679
1587389240846,7.545844282131442
1587389240905,4.69013902763135
1587389240963,6.43297558647942
1587389241023,8.369849599856543
1587389241081,7.297853326663275
1587389241146,11.446733593516427
1587389241198,16.38529539780829
1587389241263,6.261996543276578
1587389241314,11.273077797124419
1587389241373,15.598974419162547
1587389241433,11.677738131637211
1587389241493,2.019177758216176
1587389241550,11.556365824274218
1587389241609,9.534768577611796
1587389241673,8.174388374990253
1587389241726,8.715759420743177
1587389241789,9.176840898398082
1587389241845,8.539739276559976
1587389241904,21.19784500397387
1587389241961,10.216365804385797
1587389242022,14.493475136529648
1587389242078,19.691108300290008
1587389242156,22.51263547662769
1587389242195,19.162777359579497
1587389242258,35.16720315484834
1587389242312,23.82116573578461
1587389242372,9.966491251989165
1587389242430,12.258864951432532
1587389242504,12.601457154317883
1587389242548,10.079178723983418
1587389242608,29.033457430878347
1587389242665,13.9779505800025
1587389242732,16.70588271639617
1587389242782,22.373012688892477
1587389242841,22.27872010751305
1587389242901,14.78916103291925
1587389242958,14.636744291244062
1587389243017,27.121866493474297
1587389243078,12.436314818688503
1587389243134,12.488225044837549
1587389243193,13.986394538183683
1587389243263,10.919188074801653
1587389243311,21.78476716245243
1587389243373,25.106891844001844
1587389243427,13.892386875045537
1587389243499,21.94055328422619
1587389243546,25.06414865602984
1587389243610,23.165180991124643
1587389243662,15.555182394971148
1587389243720,39.94047848097294
1587389243780,29.38394976694335
1587389243840,13.108153949018599
1587389243897,13.768157067953995
1587389243957,11.469099242170582
1587389244014,10.010224646487437
1587389244086,17.869594797109716
1587389244131,32.19155769326408
1587389244194,12.152310475886622
1587389244249,10.57902363012754
1587389244312,15.735202680409131
1587389244386,19.51380079920002
1587389244428,21.057199960251495
1587389244493,17.05971048769082
1587389244542,39.55954860387297
1587389244608,29.708897510823146
1587389244677,14.281553436327838
1587389244727,18.330360217761424
1587389244778,10.810059023827428
1587389244836,11.084185880602247
1587389244894,38.40916130137444
1587389244974,16.301790777959315
1587389245019,16.265205663722888
1587389245074,20.833012367319206
1587389245129,22.662874839615863
1587389245202,23.534914742018135
1587389245247,18.005533003774147
1587389245305,33.007266082755365
1587389245366,27.891727919369302
1587389245437,14.892402790976071
1587389245481,16.766330330864648
1587389245542,9.611254897417142
1587389245599,18.999388835513813
1587389245659,26.388842959001515
1587389245715,13.291837461962675
1587389245776,17.325245266233786
1587389245833,20.30459356341295
1587389245892,21.738603083309467
1587389245950,21.15522004047553
1587389246008,13.366801663776942
1587389246081,37.42062889365804
1587389246134,20.214378391382706
1587389246187,8.194317258145942
1587389246252,12.985860911705625
1587389246306,12.34321226083452
1587389246361,11.131744055088934
1587389246434,25.577114413832557
1587389246480,21.240418192451727
1587389246538,16.454788689034608
1587389246596,19.8920993782904
1587389246655,21.136144463529842
1587389246713,20.475189826653622
1587389246774,15.21247173422677
1587389246831,34.086160432172655
1587389246898,13.488418132088531
1587389246948,10.580291390976372
1587389247008,14.379935569990232
1587389247066,11.343540830759219
1587389247124,10.492434000967004
1587389247200,25.17235630553199
1587389247247,15.310174508523582
1587389247313,16.572308784747865
1587389247358,19.864648198417083
1587389247428,22.607616174246044
1587389247476,17.95774968991887
1587389247538,21.844578455766918
1587389247594,26.863901232939437
1587389247652,12.332239119644962
1587389247710,13.350559042894515
1587389247783,13.249138570169855
1587389247828,11.32057466591699
1587389247905,33.46768497371756
1587389247945,19.874136276190956
1587389248010,16.6888440908843
1587389248063,22.211193747422648
1587389248123,26.330036327135616
1587389248180,20.39256381467389
1587389248239,19.8250457801627
1587389248301,40.09012673612731
1587389248355,15.457844166929052
1587389248414,13.066261443517483
1587389248474,12.35979969245052
1587389248532,6.733835150019394
1587389248591,16.717850077999525
1587389248649,33.87884837457584
1587389248708,15.517508677668701
1587389248770,16.099377050254148
1587389248830,16.41407179616586
1587389248892,11.692145581994216
1587389248944,7.658356295092187
1587389249020,2.281001874415369
1587389249060,5.016833768746222
1587389249119,1.8983652862503262
1587389249177,3.445985481811688
1587389249245,7.609978559867342
1587389249296,7.932006376616916
1587389249358,6.779766992936824
1587389249411,11.997837507584375
1587389249472,5.5104179550582835
1587389249542,5.279465774617394
1587389249588,13.667503207275953
1587389249647,17.28441691568548
1587389249706,14.468817494443007
1587389249764,16.22682485795367
1587389249822,23.182374454562726
1587389249882,12.501579490052197
1587389249940,10.209842077335997
1587389250009,12.37000767355259
1587389250057,8.160326877853482
1587389250116,29.12118989965683
1587389250182,26.408133716095644
1587389250248,17.745436390669926
1587389250313,23.190512407505278
1587389250368,24.541201454852537
1587389250413,27.30753964002261
1587389250474,23.355196637171296
1587389250528,48.05565468564158
1587389250585,25.502255807467918
1587389250645,14.291945444544762
1587389250725,12.704361558626418
1587389250762,10.03861334719942
1587389250822,8.025236379404191
1587389250878,33.03265429843627
1587389250947,18.666159395863865
1587389250996,14.872194169786384
1587389251060,20.15719323132176
1587389251127,23.37483288710317
1587389251176,24.92712767921602
1587389251231,17.90703566393755
1587389251291,35.28867420779293
1587389251350,18.81486988031757
1587389251406,9.548884653199933
1587389251467,12.207394369599184
1587389251524,9.330328548489272
1587389251583,8.68521109966264
1587389251641,25.816253463101376
1587389251700,18.00976128283892
1587389251758,17.726860329692833
1587389251827,22.550565062080832
1587389251876,25.79095934594863
1587389251944,20.348579735834758
1587389251993,20.811271195894367
1587389252055,27.705852410862583
1587389252110,9.87785665020267
1587389252181,9.894053945011462
1587389252228,8.460066393869015
1587389252287,7.414059670129202
1587389252346,26.168395291063895
1587389252405,17.670088430635666
1587389252463,14.726897687664218
1587389252530,18.74199291921711
1587389252580,22.475656861751283
1587389252639,25.294225656511014
1587389252697,18.351338001500395
1587389252756,48.19102360252763
1587389252836,28.461291344218182
1587389252873,10.413233524418917
1587389252934,16.385463021761087
1587389252991,12.804169714782796
1587389253054,7.503442101567922
1587389253107,34.273454417878206
1587389253168,29.96587414512131
1587389253225,17.989727055767567
1587389253292,21.478619967834437
1587389253343,22.018631415111415
1587389253402,22.78055876008916
1587389253465,23.427698471340765
1587389253530,24.322219749339414
1587389253577,50.234958200347144
1587389253637,20.750807413225665
1587389253694,15.025509315020948
1587389253755,12.525330779377146
1587389253811,8.336290318066535
1587389253874,10.517931930272402
1587389253929,30.222393459258814
1587389253988,20.82644433626168
1587389254051,19.69475002915593
1587389254105,25.607067849094417
1587389254167,28.388916904794797
1587389254222,31.966254561084607
1587389254280,20.611650065150123
1587389254339,45.40063357814376
1587389254398,26.877312990946123
1587389254457,10.933452096929834
1587389254516,12.894741885207816
1587389254574,8.11606752454588
1587389254638,7.513265957241117
1587389254691,18.68277009539806
1587389254763,21.474905583592648
1587389254808,9.762224017160765
1587389254867,20.397726852328116
1587389254927,24.093794331590214
1587389254985,27.8887177656715
1587389255044,17.77554159935473
1587389255103,34.9666519421988
1587389255162,21.859690513269797
1587389255221,14.483385235364574
1587389255279,12.078800868460489
1587389255361,7.8860451881609706
1587389255396,13.338688982778512
1587389255456,26.840136816639692
1587389255515,9.22659681606129
1587389255573,11.936614797636238
1587389255641,18.20992362310658
1587389255689,21.53314067805571
1587389255748,20.731977978202462
1587389255819,13.316339216793734
1587389255865,24.881137110002
1587389255925,29.809991950974887
1587389255996,18.79087829063862
1587389256041,13.549105591480995
1587389256100,6.833327626791951
1587389256159,11.468587681923557
1587389256220,24.175645865774584
1587389256277,12.254172101236328
1587389256334,18.701652347776903
1587389256394,21.50660497654587
1587389256452,23.579900736644333
1587389256510,21.402585794967333
1587389256569,33.56652421463328
1587389256629,36.21594912056185
1587389256686,16.84003629775677
1587389256745,15.520708094695363
1587389256804,10.394968693820477
1587389256888,12.340518267612639
1587389256922,34.28495486190426
1587389256980,26.108261075504796
1587389257051,22.434285818268904
1587389257098,24.930435442007926
1587389257165,26.293289964703327
1587389257219,22.66340673603182
1587389257273,19.882746500381618
1587389257341,34.87375564816345
1587389257392,20.900890627049993
1587389257457,14.287657120609165
1587389257509,15.141957762710055
1587389257567,9.045376299384174
1587389257625,11.47341100790214
1587389257691,29.286633626616897
1587389257743,12.854430720967624
1587389257802,17.670158377057984
1587389257864,20.828440017779027
1587389257930,21.6100563940383
1587389257977,19.632214040321585
1587389258036,27.03678592156897
1587389258095,35.74792730551836
1587389258171,19.332415241059106
1587389258212,14.501598927703142
1587389258271,13.268811960744992
1587389258330,5.869330734753817
1587389258387,22.763506893573098
1587389258449,22.089551901807702
1587389258506,16.1618930546324
1587389258565,20.777321350923252
1587389258623,22.585745632184004
1587389258685,23.169854619438972
1587389258745,15.347224756914777
1587389258807,33.561347018137916
1587389258857,21.710295116890972
1587389258916,13.591013665868353
1587389258984,12.620011656645456
1587389259034,9.367959188787758
1587389259092,12.224287802578662
1587389259169,17.78654822070381
1587389259210,7.091892889996548
1587389259269,10.804174845484354
1587389259327,12.778090704435513
1587389259396,10.5826700157893
1587389259446,5.826421330144038
1587389259503,2.1451484056188064
1587389259569,5.4326437826566805
1587389259621,4.169412293219466
1587389259692,2.825767166486495
1587389259741,5.400675639517823
1587389259820,5.3482511424953785
1587389259860,5.097085808300918
1587389259918,8.333603307801306
1587389259973,4.479058600016616
1587389260046,3.795737892958176
1587389260099,7.869302293030912
1587389260148,7.169620999118161
1587389260207,4.067710703882885
1587389260267,6.018587566968643
1587389260324,4.454298005458946
1587389260382,2.022382542201938
1587389260441,7.330762441411678
1587389260500,9.125280088541718
1587389260559,9.134936213863108
1587389260621,14.859162434402322
1587389260676,8.535550888330826
1587389260734,7.061172225504926
1587389260794,15.173561513176153
1587389260853,17.701530364521982
1587389260911,15.068658986206374
1587389260969,18.197297383954524
1587389261028,27.573545565252623
1587389261088,12.52314812224153
1587389261146,10.783338792220734
1587389261205,11.471360078507747
1587389261272,10.531248188867611
1587389261327,14.997828008438526
1587389261384,16.28428437114965
1587389261441,10.719801247875136
1587389261498,13.826969628639825
1587389261556,15.181314849400911
1587389261615,12.216857919761555
1587389261674,4.825584162793872
1587389261737,5.691000395725728
1587389261802,6.374024858879304
1587389261850,4.832075064852889
1587389261908,4.667170270358639
1587389261967,6.005978149232041
1587389262026,6.276029780417513
1587389262085,11.547502678728176
1587389262143,4.972865673368937
1587389262202,3.3223744172185765
1587389262271,9.35305537112823
1587389262320,10.389143162662496
1587389262378,7.719684745004543
1587389262436,4.583328778813729
1587389262501,7.262230389789008
1587389262554,5.1042824660679
1587389262615,5.162757974233607
1587389262683,6.841606466359151
1587389262738,6.639688582873376
1587389262789,9.892747600041407
1587389262851,12.840298896709372
1587389262906,2.1773981356526875
1587389262964,6.210862568337303
1587389263023,9.95156996719672
1587389263095,9.250619403617574
1587389263144,5.584561948203307
1587389263201,5.49893837132859
1587389263258,6.738445140669942
1587389263317,4.086250249443151
1587389263376,3.8308033818209593
1587389263441,6.3017174816865715
1587389263493,4.686651331052112
1587389263567,5.677652406314059
1587389263610,8.596205260057886
1587389263675,2.9326425526500444
1587389263728,4.518373913237396
1587389263786,7.520940919002682
1587389263858,7.146689079211567
1587389263904,3.868624210315555
1587389263965,5.564932987601391
1587389264020,5.632382105284729
1587389264086,1.5364795058348764
1587389264138,3.8754151644880004
1587389264199,6.649142343384438
1587389264256,5.137252118518579
1587389264314,6.107842216507238
1587389264377,8.46323612228922
1587389264436,4.473119346931684
1587389264490,7.063397105806554
1587389264551,8.503187591647617
1587389264612,5.727914606320933
1587389264673,5.723928972700612
1587389264724,5.587978177016399
1587389264785,1.9905646801587196
1587389264842,6.655212034864397
1587389264903,7.9912409515544445
1587389264960,7.0660955678144015
1587389265022,16.139681497714143
1587389265077,23.900889155874648
1587389265135,4.97554022381478
1587389265208,13.942164713887857
1587389265252,19.568753836383767
1587389265311,21.71571401329972
1587389265370,19.302109772001366
1587389265429,33.5582261303488
1587389265488,25.53039056272262
1587389265554,11.892242441938844
1587389265605,12.178234157998082
1587389265677,10.399723606838444
1587389265722,7.468119702418303
1587389265807,24.945730892200647
1587389265839,17.494324554025013
1587389265918,11.917049446271625
1587389265959,19.719399999191786
1587389266026,23.638759582301347
1587389266079,23.789484550853818
1587389266138,18.786527733127752
1587389266191,38.40125959237861
1587389266257,19.131979871633614
1587389266308,11.584011872174834
1587389266368,11.580259139302472
1587389266427,8.538654174535042
1587389266485,10.835047503104509
1587389266544,30.36254325979833
1587389266603,14.306681020634096
1587389266664,17.29429357713206
1587389266719,22.475292966840556
1587389266780,22.63450060584022
1587389266839,16.42547794384059
1587389266897,31.675370582875587
1587389266954,17.391518185171652
1587389267019,11.798168389362393
1587389267072,11.438644602051033
1587389267147,13.393004091455733
1587389267189,8.329046545518993
1587389267250,16.616726530395134
1587389267307,22.00375472886318
1587389267378,12.246444497568723
1587389267423,16.982852141077572
1587389267483,19.829031512473225
1587389267556,20.69101724372386
1587389267610,15.208273412856416
1587389267658,24.32070901941453
1587389267722,25.820687166343724
1587389267776,14.301197370004385
1587389267836,11.328182246622594
1587389267893,10.884462295869964
1587389267952,7.627976633869264
1587389268016,22.598867931538283
1587389268068,22.19544862022674
1587389268135,14.126322186458335
1587389268187,18.703556575273407
1587389268248,19.626872951280422
1587389268306,19.747667392166615
1587389268371,11.025860299174576
1587389268421,29.271265890561303
1587389268480,20.93728209424854
1587389268539,10.554118244849711
1587389268597,11.131937671219596
1587389268656,10.939092727224878
1587389268716,10.590850883499561
1587389268776,33.84319994647651
1587389268833,21.928788501344957
1587389268890,15.086627298445054
1587389268950,22.469624678732952
1587389269009,26.565745435925685
1587389269066,27.781773977412445
1587389269125,27.74016224830886
1587389269183,50.74362067356349
1587389269243,27.507245583124323
1587389269301,16.576692769188384
1587389269360,18.46428552876852
1587389269418,12.604369577503235
1587389269479,17.932299135775143
1587389269536,26.0638945501453
1587389269598,19.350332394290575
1587389269653,21.16004555940681
1587389269730,22.81338290243525
1587389269775,24.75374567221469
1587389269834,18.092854373882837
1587389269903,31.20193960567596
1587389269948,30.242858548160797
1587389270004,10.754653278403348
1587389270063,12.020329738670533
1587389270142,11.913658420401678
1587389270187,10.044961180471903
1587389270248,21.757496911984155
1587389270298,27.600857088353592
1587389270357,15.69063703927416
1587389270417,22.11586421995108
1587389270475,22.977668867871746
1587389270533,22.15718315537558
1587389270592,17.244422784990515
1587389270651,34.174470137511825
1587389270710,29.393525989870415
1587389270781,10.738937008214839
1587389270838,11.950620141956808
1587389270885,11.625966677927865
1587389270948,10.674720664021276
1587389271003,35.223049385421085
1587389271073,21.74537977934731
1587389271120,17.801460566229267
1587389271179,24.358011908623105
1587389271241,25.550539683634863
1587389271314,23.14975448708906
1587389271360,19.4474091125632
1587389271438,30.448135053277998
1587389271472,18.354133227776483
1587389271531,11.955743560195177
1587389271588,11.535559037794966
1587389271657,8.44531972710144
1587389271706,16.447618974242896
1587389271766,20.118576256676395
1587389271824,10.92174262538253
1587389271883,13.96723591836333
1587389271941,17.716037980005133
1587389272005,19.66399188629554
1587389272059,20.553323013908543
1587389272116,26.062263469400303
1587389272183,27.5260895862481
1587389272235,8.284526824423338
1587389272296,10.165898361775664
1587389272352,12.129498148802236
1587389272426,8.457702863776523
1587389272476,24.001112594246933
1587389272543,21.772675718868005
1587389272585,15.559322415776528
1587389272645,21.324909613396517
1587389272704,23.298093215131093
1587389272763,26.283716256160865
1587389272821,17.30570503498232
1587389272892,39.408000184171044
1587389272938,20.87216002739018
1587389272998,10.15480458464582
1587389273064,12.419344278370236
1587389273124,15.79183973286322
1587389273173,11.909841721617646
1587389273243,39.444145017630625
1587389273291,24.207895753180924
1587389273350,11.154767961127725
1587389273408,15.575144093246477
1587389273467,20.13673958837428
1587389273525,20.133450647142865
1587389273596,19.66168166953729
1587389273665,15.73502085628285
1587389273710,49.16584954741197
1587389273768,19.317357708493432
1587389273819,9.077429109515604
1587389273878,11.799623929512741
1587389273936,13.35409309418517
1587389273995,10.52412295640187
1587389274053,17.972930050484518
1587389274112,22.15490563622423
1587389274170,12.702158010166398
1587389274230,16.114045909886737
1587389274289,19.855712745033387
1587389274363,23.183890912691133
1587389274404,24.18066183416577
1587389274463,30.29760930163519
1587389274522,26.33867787396394
1587389274580,11.057492604573394
1587389274639,5.16516784749753
1587389274698,10.35040677510581
1587389274757,11.455529516095737
1587389275008,11.389049530963943
1587389275009,15.44220417951644
1587389275020,11.024236508184089
1587389275079,11.495345790950163
1587389275137,8.5681267509595
1587389275196,2.5366033764570144
1587389275255,6.825930174994925
1587389275313,8.440219017188207
1587389275373,2.6830250055467997
1587389275432,5.145188367118339
1587389275492,7.954662121994727
1587389275550,8.042641009137203
1587389275611,6.641634803737024
1587389275671,8.58914249709767
1587389275730,2.519584903589332
1587389275787,5.14326831142804
1587389275842,8.66284016963764
1587389275900,4.267676227061786
1587389275959,1.9943511582745368
1587389276018,7.45429135838959
1587389276076,8.065273074158258
1587389276135,3.135704627178895
1587389276194,7.161934140206967
1587389276256,8.860056156299091
1587389276311,8.308525339839429
1587389276370,6.865055729805829
1587389276437,10.011838390574649
1587389276487,7.199856958028017
1587389276556,3.307935052402493
1587389276604,6.577192734283831
1587389276663,6.570830951787807
1587389276721,3.064675161998703
1587389276781,7.381643891060028
1587389276839,8.579725772770217
1587389276898,3.154809150787582
1587389276957,3.5762994765346225
1587389277015,5.694147940672394
1587389277075,6.58340177218761
1587389277133,6.529850714059273
1587389277191,8.378485111065583
1587389277251,2.5032352494666505
1587389277309,4.408959387665084
1587389277368,7.0418707763464194
1587389277428,7.934691405325975
1587389277484,5.395087211406017
1587389277544,3.5618242660258774
1587389277603,4.599659135877328
1587389277674,5.849849027332084
1587389277720,11.977514817609482
1587389277781,11.503054005995267
1587389277838,19.257654823137457
1587389277902,24.19766219015279
1587389277954,23.98337487735645
1587389278014,15.853987115886751
1587389278072,21.324361504033067
1587389278142,20.388912014972668
1587389278190,21.032481187263144
1587389278248,11.64080654745174
1587389278306,19.686266857461906
1587389278365,32.16664221042896
1587389278425,15.87846132525495
1587389278482,10.707462339689053
1587389278542,12.272517470290834
1587389278601,7.871194313485997
1587389278658,11.436576097204462
1587389278717,27.606294262543756
1587389278776,16.136072423361057
1587389278834,17.09882844179774
1587389278894,17.921076363526375
1587389278952,20.400322466526877
1587389279009,19.524534001571347
1587389279084,11.250368578489127
1587389279128,39.2577681902735
1587389279195,14.193494698207587
1587389279257,9.915137891709882
1587389279304,11.62025863595994
1587389279364,8.462342713555163
1587389279421,6.952155502107837
1587389279487,23.287606619623077
1587389279538,18.714597926140687
1587389279598,15.910763323183687
1587389279657,19.62449616192413
1587389279714,23.570114402962705
1587389279773,19.645668759942755
1587389279832,11.14135397389303
1587389279891,33.68651436405969
1587389279949,19.790230639377743
1587389280007,9.060408988967511
1587389280067,13.292602569890319
1587389280126,12.759943656199074
1587389280184,8.515389815416325
1587389280242,23.5291878453988
1587389280302,20.944234283139387
1587389280363,13.496880064828872
1587389280419,19.859225172772746
1587389280480,24.31488731450729
1587389280536,22.120495353794986
1587389280597,13.441958517243567
1587389280653,39.296364000156714
1587389280713,20.535901151008307
1587389280772,10.490062916060616
1587389280831,12.846750025047374
1587389280889,13.336537611900354
1587389280947,12.066427115351011
1587389281005,28.879136354842096
1587389281064,25.24665916172128
1587389281123,20.030441005992135
1587389281182,25.506874504193107
1587389281239,30.296760169328543
1587389281298,20.0081450089512
1587389281358,39.83078067107382
1587389281416,31.994706669741674
1587389281476,13.092078200067386
1587389281534,11.704457429990882
1587389281593,12.45458914502941
1587389281652,10.640558318210665
1587389281710,12.769114807563993
1587389281769,25.182953606432864
1587389281830,13.561468832307526
1587389281886,12.710291643855975
1587389281946,17.33209331674147
1587389282002,16.924022760169013
1587389282063,25.341659516125812
1587389282120,16.949452367167353
1587389282180,50.25329882673127
1587389282238,19.53371937514597
1587389282299,12.26743119663047
1587389282355,16.03785423785512
1587389282415,14.697484035960192
1587389282473,10.851000030419144
1587389282533,33.27089774440645
1587389282590,25.37183559587099
1587389282651,17.695991122472925
1587389282708,21.80665803080922
1587389282765,20.720817175109115
1587389282825,12.039566930541978
1587389282882,3.5758418499156126
1587389282942,12.557924870406785
1587389283000,10.714666450638466
1587389283062,7.0886287268104615
1587389283118,6.857865499837919
1587389283192,9.405330169414741
1587389283236,8.871495374274916
1587389283296,12.008736926639795
1587389283353,7.8633469845582
1587389283412,7.764217256787429
1587389283470,11.591395876857257
1587389283530,9.760431431474514
1587389283588,5.349636293686838
1587389283646,5.957077036196993
1587389283704,5.435578280710116
1587389283764,3.9526730003835917
1587389283821,4.295015133707831
1587389283881,5.447189992528006
1587389283939,6.0302885405934346
1587389283998,8.85971687639525
1587389284057,8.129713363943578
1587389284114,3.3434764714531986
1587389284175,13.280245251516618
1587389284234,16.857941319949923
1587389284294,14.273599992233258
1587389284350,11.520728627580443
1587389284408,31.87984223330336
1587389284468,18.311780062640004
1587389284534,11.124321391807351
1587389284585,13.685361651602644
1587389284647,10.382328983756636
1587389284701,10.24217744385948
1587389284778,30.203399830617165
1587389284819,18.586659953382057
1587389284879,19.287038864586304
1587389284937,22.733573600565833
1587389284996,23.21353275628989
1587389285055,23.190295274572833
1587389285112,17.607158314895145
1587389285171,36.15133055880344
1587389285231,14.526211429049397
1587389285289,13.860898111592947
1587389285347,10.360307332197154
1587389285406,2.9471001095112053
1587389285466,11.189107598249954
1587389285528,31.40444549386828
1587389285582,17.07191068033522
1587389285640,23.772277021462546
1587389285699,25.635729222960848
1587389285758,24.852051236942067
1587389285817,13.993565851987343
1587389285876,26.42738267736291
1587389285934,28.185093136224623
1587389285994,10.586911855527973
1587389286050,11.671070321366805
1587389286111,14.034188079778387
1587389286168,10.01313719894726
1587389286242,18.71419514308632
1587389286286,28.58677126243776
1587389286344,16.403537722231977
1587389286403,20.92004286227385
1587389286462,25.65703980209428
1587389286523,26.98860436600974
1587389286579,15.734186862703416
1587389286638,40.81830362879884
1587389286697,21.76428735570183
1587389286756,13.618832373402785
1587389286814,15.697803533189017
1587389286872,8.375795241220475
1587389286930,12.662910573766947
1587389286991,33.93458097771081
1587389287050,17.633236522925607
1587389287107,19.134976047792936
1587389287167,22.949344746994548
1587389287229,25.053960320364023
1587389287284,22.08896335834015
1587389287343,14.56467143229342
1587389287401,49.012967631982356
1587389287462,17.954602956734643
1587389287519,13.701757521562243
1587389287594,13.826140283946463
1587389287636,9.018253888544178
1587389287696,14.249775131860634
1587389287753,32.73200878977736
1587389287812,18.669552352924633
1587389287870,21.63136012752774
1587389287929,26.158823704769055
1587389287988,27.334027289288393
1587389288048,23.38088605077941
1587389288105,25.71079981351769
1587389288164,40.42376843748613
1587389288222,16.494406011963573
1587389288282,15.36839189643542
1587389288340,13.301817140278182
1587389288399,7.484650226541777
1587389288462,20.739764895012446
1587389288515,39.15784457796659
1587389288578,25.733971801638006
1587389288632,26.992509721303936
1587389288695,28.697259709661303
1587389288751,27.096957710922087
1587389288813,19.069265897130617
1587389288868,29.609763561104828
1587389288930,37.14524417794373
1587389288985,17.643380611281138
1587389289044,15.068629113958027
1587389289102,13.350036712481707
1587389289161,8.782606569898318
1587389289220,27.657473710568382
1587389289283,24.167938128819294
1587389289338,18.294445524818368
1587389289396,22.72879817767676
1587389289454,25.657463240193387
1587389289514,23.411067125717352
1587389289571,12.951474516002873
1587389289631,36.14893474776868
1587389289689,37.23385700437003
1587389289748,12.654536679941481
1587389289806,13.181416486879774
1587389289865,8.219211347852303
1587389289927,13.293371077330587
1587389289982,31.222784047108032
1587389290045,16.560726430688643
1587389290100,20.766313505562998
1587389290160,25.980059680003865
1587389290218,25.99523177806485
1587389290277,19.8469969968991
1587389290334,38.799760137386805
1587389290395,29.429165901602826
1587389290452,13.160547564863373
1587389290513,16.314189253410472
1587389290569,17.88424422239447
1587389290646,13.407990171515383
1587389290685,39.59400589400339
1587389290744,37.77363705350598
1587389290804,24.219165823043173
1587389290863,35.30574119499724
1587389290922,36.69321419245577
1587389290980,29.915271382925184
1587389291038,53.0250852707353
1587389291097,43.35789411885539
1587389291155,22.890347694566042
1587389291214,16.213541771234876
1587389291273,18.529463117369826
1587389291332,12.890745146220395
1587389291395,41.246126120180975
1587389291449,47.06569025541589
1587389291510,25.786658996980638
1587389291566,29.908719366442707
1587389291627,36.56065032714476
1587389291685,29.96303162499009
1587389291746,28.195403418390402
1587389291802,48.427725828354255
1587389291862,24.73245017779021
1587389291919,15.526108932818616
1587389291978,20.156729191251568
1587389292036,15.905106479032922
1587389292097,14.532730519336559
1587389292153,43.462283566023515
1587389292210,27.742452608913517
1587389292270,27.91690266827328
1587389292343,30.418402914023012
1587389292388,33.542566386095515
1587389292449,22.72822484466932
1587389292506,50.181270531039516
1587389292564,37.66419133067575
1587389292623,16.909064828921554
1587389292684,15.341464056900817
1587389292740,18.085542652277365
1587389292799,7.779372145709788
1587389292879,16.057457752175175
1587389292915,29.52063921476697
1587389292983,16.166975405127577
1587389293036,17.46750872574519
1587389293114,18.74660369630948
1587389293150,22.414767765132964
1587389293214,16.521944192272837
1587389293268,26.848560759261378
1587389293327,24.435726638021734
1587389293385,19.118547535398218
1587389293446,13.92098828370033
1587389293502,14.549435235562518
1587389293579,9.781781166937419
1587389293619,21.197098529845643
1587389293678,28.38273078366987
1587389293737,15.69553269895933
1587389293796,20.207574553516746
1587389293855,26.630605474701824
1587389293913,21.772850223063067
1587389293972,10.557446958393722
1587389294032,36.63748154159804
1587389294089,23.47372461008931
1587389294148,12.021236066942054
1587389294211,14.733742240191072
1587389294265,13.412560887122982
1587389294324,10.042218922562476
1587389294383,27.09941054262643
1587389294441,28.63004974733988
1587389294500,13.638308124042664
1587389294564,21.242356305645934
1587389294618,23.086347289087197
1587389294679,24.45305760773461
1587389294735,17.298900344386055
1587389294794,38.96262387943492
1587389294852,17.66100599661582
1587389294919,15.630082181298365
1587389294969,16.803771295049458
1587389295029,9.469865084918712
1587389295088,11.920491349507028
1587389295145,31.532513989159863
1587389295204,17.881936174738513
1587389295269,21.790257171891927
1587389295321,26.116668686890012
1587389295381,25.68027099466388
1587389295439,15.118556644233033
1587389295498,27.8320803179392
1587389295556,27.4128568682596
1587389295614,16.17854821556252
1587389295685,13.148493203981825
1587389295734,16.172376954770364
1587389295794,11.708821314804974
1587389295849,10.270286024469526
1587389295910,20.337318821939984
1587389295967,14.036291767139412
1587389296028,10.500600888451798
1587389296084,12.109259072025733
1587389296160,11.258503052857913
1587389296201,7.870101616287021
1587389296265,5.555896740079479
1587389296319,4.498918615320285
1587389296379,2.637847703911885
1587389296436,0.3756836580058777
1587389296495,3.9925645624051147
1587389296554,4.6081392345055985
1587389296612,3.92386215142041
1587389296671,3.8682662538176977
1587389296729,6.141298368773241
1587389296788,2.961369062794136
1587389296846,2.4328475959417073
1587389296905,2.324326046302249
1587389296982,4.606544168465705
1587389297022,2.6384016981523093
1587389297080,2.048412182591091
1587389297158,4.062474412103912
1587389297200,5.187371309821288
1587389297259,1.3858596934741763
1587389297316,2.261925775148308
1587389297374,4.022401546698298
1587389297433,3.5435225317879064
