timestamp,DecibelSource
1587390899953,22.79234211976117
1587390899993,24.40986346790204
1587390900033,25.56678656358608
1587390900083,26.54905135330395
1587390900124,25.472182442745023
1587390900163,23.742132062849954
1587390900204,28.46887061244591
1587390900244,26.77425660155171
1587390900284,26.03771858128612
1587390900323,24.4598537091532
1587390900364,24.173298733761914
1587390900404,26.14735421933965
1587390900444,26.104920286649097
1587390900485,26.11230621871382
1587390900524,23.516242116282594
1587390900558,23.561240679752807
1587390900598,23.411064804696547
1587390900649,24.11931457640376
1587390900690,26.470307621743736
1587390900729,25.80459105052193
1587390900769,26.17082288114727
1587390900809,24.971063591534396
1587390900849,26.006095196619192
1587390900890,25.99240181439033
1587390900929,25.843154459668863
1587390900970,23.910651300838403
1587390901009,24.71131205190143
1587390901049,24.874721716778033
1587390901090,23.87050003560617
1587390901130,25.305312861866803
1587390901181,26.972332359443783
1587390901219,27.332102560455628
1587390901259,29.047617194493895
1587390901298,28.13503920549099
1587390901338,26.419850725718042
1587390901379,26.359317543468485
1587390901419,28.444622668649586
1587390901459,28.837856029153357
1587390901499,25.29292971288395
1587390901538,26.232365955926213
1587390901579,26.528757835012883
1587390901619,29.181637854044972
1587390901659,24.240563100234652
1587390901698,19.53622723829604
1587390901748,25.04888614121205
1587390901792,25.296882421150592
1587390901828,25.20294142660174
1587390901869,25.209869525038894
1587390901909,20.16235642479989
1587390901949,22.79805917713702
1587390901989,24.741487581521508
1587390902029,25.34590518115888
1587390902070,25.709525297456786
1587390902109,27.669499217725118
1587390902149,28.380126988992348
1587390902190,28.456236253271406
1587390902229,28.78372704302395
1587390902269,31.108935770421336
1587390902318,30.05922978012724
1587390902359,29.419626269891296
1587390902398,29.708136844661247
1587390902438,28.757693226348696
1587390902481,28.036761677904444
1587390902518,23.73674331014802
1587390902559,24.599954241138164
1587390902598,28.34572191506878
1587390902640,30.72810986835775
1587390902678,28.249056008367152
1587390902719,28.454157508902735
1587390902760,28.62541984817809
1587390902794,29.428937415261007
1587390902833,28.976034690138164
1587390902884,28.130110320886445
1587390902924,28.393124730306887
1587390902964,31.54102699922521
1587390903004,32.15226713348959
1587390903044,30.624163980374334
1587390903084,31.560702678871806
1587390903127,31.505337273721544
1587390903165,31.539687517490496
1587390903205,28.597680223268704
1587390903244,29.692710491726878
1587390903284,30.91017911869333
1587390903324,29.655465806360887
1587390903366,29.528351294516423
1587390903414,30.481447234232167
1587390903455,28.03334017006806
1587390903495,25.93993380640299
1587390903534,29.015984796985958
1587390903575,28.93523368530181
1587390903614,32.50897091578678
1587390903656,29.35712457293629
1587390903694,30.43823707560064
1587390903733,30.634265611930033
1587390903775,29.60556508000384
1587390903814,29.38684705278964
1587390903854,30.704909827661698
1587390903893,31.054508758016777
1587390903935,30.644019939872162
1587390903984,36.333711657851524
1587390904025,32.53557175638036
1587390904064,32.47193618056504
1587390904104,33.18510756207514
1587390904143,32.414996474710094
1587390904184,32.03303702101313
1587390904224,33.87971974311692
1587390904263,30.40128193053807
1587390904303,29.296013640626608
1587390904344,30.72451776343307
1587390904384,32.80034643804587
1587390904424,31.427547608498525
1587390904464,31.77887405962759
1587390904505,32.311450533993124
1587390904554,34.354523218097796
1587390904595,32.82512617236699
1587390904633,34.59991138399668
1587390904675,29.713654268215283
1587390904714,34.21505047083027
1587390904754,33.15220397969745
1587390904796,34.36910364155314
1587390904835,29.8982807931505
1587390904874,32.7599980776317
1587390904914,33.15781340153655
1587390904954,33.659507138583635
1587390904990,32.181548138023416
1587390905031,33.578996620417925
1587390905069,33.617537563529915
1587390905119,32.439486133096594
1587390905159,31.49068003206748
1587390905199,33.234466288528544
1587390905242,31.792748896732196
1587390905280,34.065844667850634
1587390905319,31.813868654447205
1587390905360,32.34885174776761
1587390905398,31.68815186888304
1587390905439,31.911781659978715
1587390905482,33.71467610326507
1587390905519,34.4920393404525
1587390905565,34.93107491362758
1587390905599,31.079800788754127
1587390905649,31.773121256330814
1587390905690,31.661546341920356
1587390905729,33.834517862315174
1587390905769,33.416955677863825
1587390905810,37.45037216705065
1587390905849,34.89426469862848
1587390905890,35.049168793425636
1587390905929,34.0768049185125
1587390905969,32.67930216410778
1587390906010,37.29005558864443
1587390906049,33.81029316978746
1587390906089,32.544181829981284
1587390906129,33.97243027470227
1587390906169,32.96357122837541
1587390906219,35.33732704563577
1587390906259,36.93659978122635
1587390906299,37.26814865157578
1587390906339,38.98938808691235
1587390906380,35.116121405348004
1587390906420,37.74057802399466
1587390906459,35.50282622820771
1587390906498,37.339397676469076
1587390906541,35.219489129673754
1587390906579,34.433136382210556
1587390906619,39.63978295186428
1587390906660,39.959650594631874
1587390906699,37.81194037649354
1587390906739,39.1926495507021
1587390906791,38.42674976051593
1587390906830,34.401044490896325
1587390906869,37.63268429893217
1587390906911,41.36594561306048
1587390906949,36.626558211920816
1587390906991,39.854177272742206
1587390907030,39.158274654059916
1587390907069,37.613569302280105
1587390907109,37.99793856936478
1587390907149,39.05140373646034
1587390907184,33.40036794945256
1587390907225,35.955883549565534
1587390907265,38.87911915278799
1587390907304,40.203848234375855
1587390907354,35.38176153779135
1587390907394,34.690386366882514
1587390907434,36.61753598359041
1587390907474,38.24731908087059
1587390907514,37.56791635466415
1587390907555,36.10112387761548
1587390907594,34.843063549864915
1587390907635,38.256408847396244
1587390907675,37.193248118865256
1587390907714,36.7980991434211
1587390907754,36.62463221617271
1587390907796,36.70690351493018
1587390907834,39.762100731432895
1587390907884,39.05869211948015
1587390907926,37.63679757554715
1587390907964,36.55021318047874
1587390908004,38.810263314528015
1587390908044,39.39351858316223
1587390908084,34.81667885292432
1587390908124,38.19776053898898
1587390908164,36.595217883116746
1587390908204,33.50555717769713
1587390908245,37.323925929422124
1587390908284,34.21830797044543
1587390908324,39.063084604681954
1587390908364,39.055343024774075
1587390908404,38.14055381581292
1587390908454,39.023291844699564
1587390908494,37.880602071812596
1587390908534,34.94129425983623
1587390908575,35.02115456518866
1587390908614,33.35959441583179
1587390908654,30.31439348921706
1587390908694,35.014353180835556
1587390908734,33.901666846797795
1587390908774,33.82481787542265
1587390908816,33.349128548807684
1587390908857,33.86495482040132
1587390908897,33.64621025722653
1587390908937,33.483550693595205
1587390908979,35.284755824205675
1587390909024,32.98693996277171
1587390909064,34.30278018289173
1587390909104,31.138928283324518
1587390909144,34.241823535806354
1587390909184,29.777042167095505
1587390909224,32.24302355230463
1587390909264,30.776004602062642
1587390909304,33.03466298103247
1587390909343,31.80314241247194
1587390909379,36.135087109969376
1587390909419,31.581916341094313
1587390909460,35.033981084350835
1587390909499,34.68804014092497
1587390909539,36.05575758350709
1587390909589,36.51702247011668
1587390909629,33.05043641589784
1587390909669,35.40328077948101
1587390909710,33.187090485714556
1587390909749,35.27425759577552
1587390909789,31.875137964432216
1587390909829,26.539378860431924
1587390909870,35.33825658934285
1587390909909,36.779900661650245
1587390909949,37.5247147809874
1587390909989,38.5708542925899
1587390910029,33.027826568830854
1587390910069,34.851864975474975
1587390910119,31.536743625931173
1587390910159,34.190035435553476
1587390910199,33.19703797666202
1587390910239,33.95963452324231
1587390910278,36.9579788911753
1587390910319,32.960116952962686
1587390910359,36.51574631386518
1587390910399,35.716253975878956
1587390910439,33.47904308814685
1587390910478,36.55378039651297
1587390910519,31.287512935144317
1587390910559,33.64556857820909
1587390910598,30.80194910449825
1587390910639,31.164257567056495
1587390910689,29.36068922565689
1587390910729,32.34397927195969
1587390910775,30.917209192258504
1587390910809,31.269087023200157
1587390910849,33.154179707098706
1587390910892,31.16547707733746
1587390910929,29.417398598607495
1587390910969,28.43625509466478
1587390911009,27.9449777174416
1587390911049,28.086355406211474
1587390911089,30.315353704346396
1587390911129,29.208983350020674
1587390911169,29.135664057049667
1587390911209,28.21215512538963
1587390911259,30.842995297018195
1587390911299,28.60999707710238
1587390911339,32.13730411271691
1587390911379,32.38757725978818
1587390911419,30.963468100854243
1587390911459,30.006168318615973
1587390911499,32.4182765108847
1587390911540,31.73025538264222
1587390911573,32.48866584162229
1587390911614,30.801806044934224
1587390911656,31.50152109651274
1587390911694,30.96092421289488
1587390911734,31.872072814594695
1587390911774,33.160590816509014
1587390911824,34.583057633055695
1587390911864,33.88657144184432
1587390911904,26.03928738768884
1587390911944,31.932623752634516
1587390911984,29.46919445626999
1587390912024,33.06545887447982
1587390912064,30.425715574512253
1587390912105,31.561748150468784
1587390912145,32.96287054752967
1587390912184,34.47975717848165
1587390912224,32.43736982596997
1587390912264,30.600974466971333
1587390912306,34.35541498290278
1587390912354,31.21574681801265
1587390912395,32.48429250798778
1587390912434,24.41535583611546
1587390912475,28.985479715631605
1587390912516,31.365995512809125
1587390912555,32.552867766988825
1587390912594,31.501708040433574
1587390912635,31.841362012344344
1587390912675,31.81225150654852
1587390912713,30.824062547545118
1587390912754,33.591084536284654
1587390912794,34.91865571403892
1587390912835,34.48883950752623
1587390912877,27.756774806404238
1587390912927,28.33101201430036
1587390912964,24.4968325223683
1587390913005,27.827900450264167
1587390913044,32.107884847477564
1587390913084,29.419908803244592
1587390913125,28.36068970770173
1587390913168,29.234027618767115
1587390913205,29.68237660939834
1587390913244,29.709217568270766
1587390913285,32.85489118657501
1587390913325,25.828398437333192
1587390913364,28.123716422248
1587390913404,28.13888379930721
1587390913444,30.160147340701876
1587390913494,25.55231467133666
1587390913536,30.046998535581434
1587390913574,27.357476711102855
1587390913614,29.28304674957307
1587390913654,27.744000508741635
1587390913694,28.738834534980615
1587390913734,30.516924696731227
1587390913772,33.41742020341526
1587390913810,26.84415525301435
1587390913849,26.65055140959822
1587390913889,31.192286330495186
1587390913929,28.219172604054982
1587390913969,28.995038645469965
1587390914011,30.721247020787295
1587390914059,29.076959109612012
1587390914099,27.76430784323722
1587390914143,31.793683857143748
1587390914178,28.72155622138862
1587390914219,30.94718479327101
1587390914259,33.84516518395249
1587390914299,31.681133981787845
1587390914340,26.129918748074004
1587390914379,31.93135317630102
1587390914419,30.237146347010846
1587390914458,28.640264381637127
1587390914499,31.27120171156661
1587390914539,28.437293674903167
1587390914589,27.544127589721988
1587390914629,30.41861052824381
1587390914670,29.470287015843596
1587390914711,31.75166753686504
1587390914749,33.86119596422184
1587390914789,28.91795910114256
1587390914829,27.455187310015198
1587390914869,28.18922188732238
1587390914909,24.173428522789564
1587390914949,28.25984001702292
1587390914989,27.68858515285175
1587390915030,25.989937417207386
1587390915070,27.912562344406254
1587390915111,28.013110474577708
1587390915159,27.228206952363685
1587390915200,29.396509940329956
1587390915239,31.80077209982628
1587390915279,29.17583160694013
1587390915319,30.18464814891043
1587390915359,26.82030183386459
1587390915400,25.750350590554653
1587390915439,26.206634455649006
1587390915480,26.035352232121596
1587390915519,26.048989320357432
1587390915559,26.325872049693515
1587390915599,25.79527776327444
1587390915639,24.643075375059198
1587390915679,31.319164008546426
1587390915729,30.188933623224802
1587390915769,30.005374460278812
1587390915809,27.15621005189439
1587390915849,29.634114921466658
1587390915889,29.54455995850363
1587390915929,26.335219951257667
1587390915964,28.019772417231042
1587390916005,29.807189250962615
1587390916044,25.25316011702909
1587390916085,27.539761149846704
1587390916124,26.638149892540945
1587390916164,30.55866174344301
1587390916205,31.81095479906177
1587390916245,26.934148210690374
1587390916294,27.06329083700237
1587390916336,26.6119712993641
1587390916374,27.657961552439488
1587390916414,25.03718503316478
1587390916454,26.751689670326783
1587390916494,25.760056564254228
1587390916536,26.105538241461204
1587390916575,24.86959929981767
1587390916614,28.18737551130727
1587390916654,31.935332970270785
1587390916696,29.796601368483447
1587390916734,31.44498281438764
1587390916774,28.843591011900234
1587390916824,28.292283679377192
1587390916867,26.329197175862518
1587390916905,28.632285650623256
1587390916945,28.83790036821745
1587390916984,29.781978456395777
1587390917024,28.400171296151658
1587390917064,27.779286335721668
1587390917104,28.462642623785005
1587390917144,31.999768175330683
1587390917184,30.551425290144024
1587390917224,29.424191640579267
1587390917264,29.41110285472034
1587390917304,28.316391397331913
1587390917344,28.882791821946775
1587390917394,22.116877449796185
1587390917434,27.94762988094229
1587390917474,24.094047201977276
1587390917513,28.075206830194904
1587390917554,30.097860751215112
1587390917594,27.872548419086584
1587390917634,31.539510702234455
1587390917681,30.506280796956553
1587390917715,22.090899428836718
1587390917755,24.443428386847433
1587390917794,18.9891975386155
1587390917839,23.17016933085908
1587390917874,27.212699307724712
1587390917916,25.31809530138199
1587390917964,25.58271849937985
1587390918004,29.075232241305144
1587390918044,25.784351772611544
1587390918084,28.33802142022611
1587390918125,30.66781266412412
1587390918159,28.485797979984522
1587390918199,27.752783823688112
1587390918239,26.737103676461174
1587390918279,25.97606436919833
1587390918319,27.934501016575783
1587390918359,28.852084610251296
1587390918399,26.095842863034747
1587390918439,20.498580520943825
1587390918480,25.46453837956864
1587390918530,19.445212264119814
1587390918569,28.577382461493
1587390918611,31.317451915179323
1587390918649,26.293299456568114
1587390918689,28.83249082942982
1587390918729,28.120198376708153
1587390918776,26.186690076990907
1587390918809,27.234433022948533
1587390918855,27.9301627334894
1587390918890,25.297762697757427
1587390918929,26.38390633632861
1587390918970,26.821692604986062
1587390919016,25.306584230381937
1587390919060,29.47826067045534
1587390919098,30.379544594196982
1587390919139,29.079823716613518
1587390919182,27.33895536831565
1587390919218,28.849621660285656
1587390919258,29.324709334549407
1587390919298,24.826598787656874
1587390919339,24.728975942805953
1587390919378,24.685657218709103
1587390919418,25.91663238274468
1587390919460,28.3884768579683
1587390919498,27.15641063009338
1587390919538,30.05441943880291
1587390919578,31.627503808961734
1587390919628,26.762065921360318
1587390919670,23.12361089230906
1587390919709,24.320570548107874
1587390919749,20.665962767168075
1587390919789,25.091297356510577
1587390919829,26.90286581588261
1587390919869,28.619722235391283
1587390919908,26.939912968704384
1587390919949,27.032741012088145
1587390919989,25.13812664038874
1587390920029,29.389450286001228
1587390920069,30.313094832483483
1587390920109,27.087911469257758
1587390920148,23.066846553498593
1587390920199,23.804737102007895
1587390920239,23.543871615302155
1587390920279,28.80233793218974
1587390920319,27.31739815381956
1587390920359,27.016498855065763
1587390920394,23.144844258155413
1587390920434,27.39041848356825
1587390920476,27.917501562167104
1587390920514,30.038954896375568
1587390920554,30.949580938436355
1587390920595,25.883404980427805
1587390920634,24.978078637799747
1587390920674,23.13216147328324
1587390920714,23.627844680188886
1587390920765,26.929412935085754
1587390920804,28.744779348757312
1587390920844,28.537660921381015
1587390920884,27.472457282791435
1587390920925,27.279359205211478
1587390920964,25.616044382972667
1587390921004,30.18737407003239
1587390921044,28.917620183763244
1587390921084,26.386324159331515
1587390921124,27.253837864233446
1587390921164,28.41725288560346
1587390921204,27.54359429139083
1587390921244,23.952073951847336
1587390921294,23.63623520302213
1587390921337,22.206858440792857
1587390921375,26.493647441204654
1587390921414,26.712741122694432
1587390921454,28.015105154627452
1587390921494,30.12408309053894
1587390921533,29.47302952567561
1587390921574,27.169005162593137
1587390921614,25.657411180761002
1587390921655,22.47695225842896
1587390921694,20.277294674788997
1587390921734,27.751271006318902
1587390921783,27.878742127250096
1587390921814,28.24490843289203
1587390921864,27.027905489358872
1587390921906,27.84182114819135
1587390921944,27.97095889348402
1587390921984,30.20154725724169
1587390922027,30.209424917080202
1587390922064,27.594667514905844
1587390922104,27.75921554492092
1587390922144,28.748857652111653
1587390922184,27.369186898713586
1587390922224,29.20311457751889
1587390922264,27.86190720740718
1587390922304,26.315796459783847
1587390922345,22.432000479784286
1587390922384,24.526864003797574
1587390922437,27.891110983939804
1587390922474,31.304848979311668
1587390922514,28.41244914424468
1587390922553,26.57302938718603
1587390922589,25.86130614424451
1587390922629,25.19382599563137
1587390922669,24.02881935470721
1587390922710,27.39298563936357
1587390922749,27.81089498503285
1587390922790,24.87040476407622
1587390922830,27.761070563216613
1587390922869,24.819941684442334
1587390922909,27.33153809831574
1587390922949,31.351591050933422
1587390922999,31.31912465765695
1587390923039,27.235390440573376
1587390923080,27.09977506060005
1587390923120,28.824721258117872
1587390923160,26.924579006786686
1587390923199,27.144406285732437
1587390923241,26.56364012175264
1587390923280,26.6507872357083
1587390923321,28.411740002770173
1587390923359,29.208087689421372
1587390923399,28.810071117398795
1587390923440,31.472947759748386
1587390923479,27.62022169286073
1587390923529,24.62914151166445
1587390923569,26.21641603027182
1587390923609,26.75756866930248
1587390923649,27.806419342032015
1587390923689,28.474590418605253
1587390923729,29.14702551041166
1587390923769,29.68176643355386
1587390923810,29.198937304638747
1587390923850,28.655041831839693
1587390923890,29.576700748919972
1587390923929,30.63138093015234
1587390923970,30.071123897218428
1587390924011,25.227476131443233
1587390924049,21.71457090323934
1587390924099,23.015894678746584
1587390924139,27.654723010501137
1587390924179,29.433208601191186
1587390924220,27.806648253621944
1587390924259,27.296794822269458
1587390924299,29.11800034776993
1587390924339,28.22670012275801
1587390924380,29.37781991987167
1587390924420,31.007863832815154
1587390924459,28.554718319509035
1587390924499,29.428484080439794
1587390924539,27.95024934373896
1587390924579,27.804129562276234
1587390924619,29.510899457582763
1587390924669,29.994063171176858
1587390924710,27.60139226516909
1587390924749,27.25834637764562
1587390924784,28.86041670091717
1587390924824,28.287792581845768
1587390924864,30.127581590469322
1587390924905,30.494025603442285
1587390924944,28.761391980370664
1587390924985,27.855236732116655
1587390925024,27.379270664874127
1587390925064,29.322650541378685
1587390925106,27.420360954331283
1587390925144,26.174438408937448
1587390925186,25.74525384267776
1587390925234,26.375857661629073
1587390925274,28.022906613558565
1587390925314,26.81538016942301
1587390925354,30.019593503615567
1587390925394,31.06704144420101
1587390925434,27.265052617154822
1587390925474,27.08128177083644
1587390925514,29.059180927900172
1587390925554,26.28701308982187
1587390925594,27.59016589279215
1587390925634,30.150005238082418
1587390925674,29.573897304928796
1587390925715,29.89184788655954
1587390925764,28.957110523702365
1587390925806,26.011301833021264
1587390925844,28.771044840295104
1587390925886,31.54408348188523
1587390925924,27.75993004403371
1587390925964,27.902800577247646
1587390926004,28.93390802275097
1587390926044,28.512692714811614
1587390926084,29.467077010861633
1587390926124,25.224180325179915
1587390926164,19.452201171803654
1587390926209,24.028004605337724
1587390926244,27.96384591452378
1587390926284,29.501295028525718
1587390926335,30.88484737515596
1587390926374,30.123991234609328
1587390926414,26.923506256756813
1587390926454,30.94105009448416
1587390926494,28.053878217814944
1587390926541,29.661681941328464
1587390926574,28.7946101452224
1587390926614,30.827609341550843
1587390926656,29.318133069862608
1587390926694,27.20009250162255
1587390926736,28.28962191733643
1587390926774,26.086728524778927
1587390926814,27.798528576298843
1587390926855,25.469363067517076
1587390926904,24.03951194200249
1587390926944,27.5721168364839
1587390926979,25.69349739083258
1587390927019,25.038225902766527
1587390927059,26.037652196210814
1587390927099,26.053946409257904
1587390927139,25.6649996646383
1587390927179,23.604087051544877
1587390927220,23.948550873877885
1587390927266,25.742864699938504
1587390927299,27.499398089270226
1587390927339,25.652936122478465
1587390927378,26.161600782378084
1587390927419,26.50882389235962
1587390927469,25.70542939881897
1587390927509,27.587134056523595
1587390927550,29.059138791410177
1587390927589,27.104569028500165
1587390927629,29.820199727952424
1587390927669,27.38920728435797
1587390927709,28.442298995603764
1587390927749,26.057618464952363
1587390927797,28.947921589907494
1587390927830,27.661824687822495
1587390927869,28.95511337633114
1587390927910,25.83081695293723
1587390927949,26.406267128522703
1587390928000,28.263239557134078
1587390928039,26.917443685913742
1587390928079,25.26926727350748
1587390928119,28.806608199829014
1587390928159,26.674362745942126
1587390928199,28.42707422787862
1587390928239,26.37506481620159
1587390928279,27.95497126595872
1587390928318,27.814668601309055
1587390928359,27.790522678129385
1587390928399,27.801319920187684
1587390928439,28.8540728968086
1587390928479,28.989968244290797
1587390928519,27.266667305313565
1587390928570,28.516077409196605
1587390928609,28.074870835493076
1587390928649,28.057040978904556
1587390928690,26.80055124561479
1587390928729,28.32093151649522
1587390928769,29.109375034578488
1587390928809,28.593735461347798
1587390928850,31.09724648993931
1587390928889,28.25658988399168
1587390928930,28.221932627890048
1587390928970,28.51690953077589
1587390929009,27.568028787955107
1587390929049,29.39663247016869
1587390929089,29.812357125555597
1587390929139,29.010339223741205
1587390929174,27.662850126083004
1587390929214,27.23691545953023
1587390929255,27.517163202922493
1587390929294,28.047446997144114
1587390929335,28.86001339483581
1587390929377,26.399903553758406
1587390929414,27.036684194320678
1587390929455,27.49572416859656
1587390929494,23.423389512096552
1587390929541,24.90395120595646
1587390929573,24.286716150560146
1587390929615,25.89699701460883
1587390929656,28.68897210911978
1587390929704,29.500327162615704
1587390929744,29.887015080182135
1587390929785,27.051040290186954
1587390929824,29.82911730608481
1587390929864,25.491538500477144
1587390929904,28.67694325167377
1587390929944,28.9753596971413
1587390929984,28.595152371394768
1587390930026,26.296871340989494
1587390930064,26.541835275730158
1587390930104,25.95522055516397
1587390930144,25.508273339136174
1587390930185,28.371454271108256
1587390930234,26.863514374106835
1587390930274,25.326378070429406
1587390930314,27.65351261441054
1587390930358,26.942760632740843
1587390930394,28.763196679865814
1587390930434,27.939606210165977
1587390930475,27.75550719307141
1587390930514,27.825649959808352
1587390930554,27.18149835016795
1587390930594,26.813220138069376
1587390930635,26.87581708101956
1587390930674,25.428407038832948
1587390930714,24.796512945226752
1587390930755,26.051378332871135
1587390930804,27.792722951600922
1587390930844,28.560029137866174
1587390930884,29.08401234855644
1587390930924,29.347936819418106
1587390930964,29.61409969577612
1587390931004,29.639858784597052
1587390931044,28.89256982382134
1587390931084,28.64027101066022
1587390931125,29.94917583346313
1587390931164,27.080004937394193
1587390931204,27.827404882870013
1587390931244,29.031127068818392
1587390931287,26.959363367131036
1587390931324,29.41170508923575
1587390931369,28.85594042576011
1587390931409,28.307980359673568
1587390931450,27.44919588939544
1587390931489,27.850790675352535
1587390931529,27.46814405290543
1587390931569,26.97915949893094
1587390931609,27.87779802898784
1587390931649,28.041230723274452
1587390931689,26.750880621229356
1587390931729,23.737368584400784
1587390931769,23.3001835606111
1587390931809,22.800705064926774
1587390931851,23.28493368739327
1587390931889,24.813186354443904
1587390931939,25.524835278330315
1587390931979,23.499114083675373
1587390932019,23.28126937904972
1587390932059,22.602284887763716
1587390932098,22.874405505104388
1587390932140,26.08817235665567
1587390932179,25.359069859206915
1587390932219,25.263262940619505
1587390932259,22.757405615425483
1587390932301,25.241475407272773
1587390932340,24.619448143180968
1587390932379,24.55367515127083
1587390932419,22.57058193315676
1587390932470,23.092605424348957
1587390932509,22.547416996226183
1587390932549,23.487035280941416
1587390932589,21.69356866596241
1587390932630,26.565927888111396
1587390932669,24.893674919686923
1587390932710,25.562661464710285
1587390932749,26.448242027706716
1587390932789,23.438600896577924
1587390932829,22.39004645720252
1587390932870,21.337259779447656
1587390932909,18.6278470495871
1587390932949,19.00546950015328
1587390932989,26.42705700984013
1587390933039,23.983547169417005
1587390933079,25.449506923417268
1587390933119,27.524608934348098
1587390933159,25.556901308646673
1587390933201,24.738297931102696
1587390933239,24.973724475833315
1587390933279,26.39907621459027
1587390933319,24.71266328875423
1587390933359,25.665630892283268
1587390933399,25.72398953427212
1587390933440,22.611606041996367
1587390933479,25.642081940389332
1587390933519,24.972444369783233
1587390933559,25.26929608582083
1587390933604,24.00736450906992
1587390933644,23.417876956815284
1587390933685,21.770176699456126
1587390933725,23.407461196272084
1587390933765,23.983847388484612
1587390933805,24.39429623745162
1587390933844,25.38434022434046
1587390933884,23.69656838065637
1587390933924,22.190424776594785
1587390933964,24.581039254455185
1587390934007,24.370051781209817
1587390934044,23.08218909918451
1587390934084,28.09091667118412
1587390934125,23.768579128199665
1587390934174,24.2074474815664
1587390934214,24.223147942718875
1587390934254,24.591189143020202
1587390934294,23.659077192195124
1587390934334,25.272349107540563
1587390934374,23.706788939226765
1587390934417,22.628640833071245
1587390934454,25.38556061959611
1587390934494,22.526200941369208
1587390934534,23.22218140676046
1587390934574,26.252998163222237
1587390934614,24.594370849383136
1587390934654,24.117774877930866
1587390934705,25.59984731412319
1587390934744,24.008953474133804
1587390934784,24.788457947529157
1587390934825,24.691733433251542
1587390934864,24.890524410846872
1587390934904,25.109823696053134
1587390934944,25.738088933922654
1587390934984,25.10054045137214
1587390935024,28.808646107221897
1587390935064,27.778837731784137
1587390935104,26.99047549998559
1587390935144,26.17873451486592
1587390935184,26.898888275157404
1587390935224,28.354187693669985
1587390935274,27.290589739510512
1587390935314,27.12486224278978
1587390935355,26.86483650555131
1587390935393,27.024406343211062
1587390935436,26.780690082304673
1587390935474,27.227408562935057
1587390935515,27.053037477026276
1587390935554,27.467549237499643
1587390935596,26.824800074143177
1587390935634,27.292059332972734
1587390935674,26.634101109871832
1587390935714,25.02558945468488
1587390935755,27.52742349133705
1587390935789,26.732925032206914
1587390935839,25.719342319811453
1587390935879,26.770281813526534
1587390935920,24.838092965769754
1587390935959,24.137299827444654
1587390936000,27.816972864446722
1587390936039,26.30023009891353
1587390936079,26.4390904949757
1587390936119,27.05216322356594
1587390936159,25.286226236615136
1587390936200,23.381706912324873
1587390936239,27.489205232219753
1587390936280,27.793202350466537
1587390936319,27.530090710088537
1587390936359,28.419635329012426
1587390936409,27.754873247631963
1587390936450,28.54549342329671
1587390936490,29.068741353457725
1587390936529,27.907786214348636
1587390936571,27.714172681559287
1587390936610,28.356739426542564
1587390936649,28.017206043526453
1587390936689,27.95466853354847
1587390936729,27.91905541170056
1587390936769,27.379567543682512
1587390936809,28.893830000271535
1587390936850,29.278321900992694
1587390936890,28.877692145486925
1587390936939,27.43212629000551
1587390936979,27.88804966002917
1587390937021,28.115581755561898
1587390937059,28.13079988162127
1587390937099,27.174201863623637
1587390937139,26.708073526222094
1587390937179,28.458718374637012
1587390937220,27.508982211919108
1587390937259,25.017017453916868
1587390937299,23.546560662386426
1587390937339,23.925585846274746
1587390937379,23.615824005699302
1587390937419,23.910769484247325
1587390937459,26.38764949101029
1587390937510,26.114927459306408
1587390937549,26.34442968430934
1587390937589,23.970550080809055
1587390937629,25.26759583219262
1587390937669,24.149789406693785
1587390937709,26.699070498052766
1587390937750,26.725379932670993
1587390937789,26.263392215019877
1587390937829,28.018449260412368
1587390937869,28.95371050930808
1587390937910,27.08482550823409
1587390937950,28.328491411663368
1587390937984,26.51982858657433
1587390938024,24.25513478179525
1587390938074,25.67368413822496
1587390938114,24.122692489268612
1587390938155,26.627283269781486
1587390938194,27.273229039611273
1587390938234,28.709698949013706
1587390938274,28.81032929068595
1587390938314,29.956415593464833
1587390938354,29.217186911189913
1587390938395,28.775111417320645
1587390938434,26.769975909868684
1587390938474,28.03488361144176
1587390938515,27.91588058261174
1587390938554,27.800756969314794
1587390938594,27.682436359580947
1587390938644,29.051999786606476
1587390938684,27.905035007426026
1587390938724,28.35427265758778
1587390938763,28.316359256931523
1587390938804,29.172783368836388
1587390938844,25.967982930668867
1587390938885,26.012722397496724
1587390938924,27.3511303335614
1587390938964,27.73997329625512
1587390939005,28.80234431838494
1587390939044,27.76380496556837
1587390939084,27.112916313434624
1587390939124,27.517055884233102
1587390939174,30.50368102499673
1587390939214,30.356231298530755
1587390939254,28.7916214502441
1587390939296,27.145743819737213
1587390939335,26.60697704268329
1587390939374,26.55051029227637
1587390939414,26.006982649428828
1587390939455,25.986519106813354
1587390939496,25.859074342411603
1587390939533,25.61211227043103
1587390939574,25.687895205553815
1587390939614,24.809864796488277
1587390939658,26.971787281829652
1587390939694,26.361558649904538
1587390939744,26.25593763617676
1587390939784,25.050924159453885
1587390939824,25.918121468993085
1587390939864,27.106754077281803
1587390939905,27.769993607813824
1587390939944,24.993817347022905
1587390939984,26.574421627678213
1587390940024,25.27887997183507
1587390940064,26.793538665217262
1587390940104,25.834271447529808
1587390940144,26.006320116199447
1587390940179,24.536373763031612
1587390940219,25.36700026228997
1587390940260,23.8189534680564
1587390940309,23.500835341613623
1587390940349,25.272960893817814
1587390940389,25.99833746412512
1587390940429,26.019763718965613
1587390940470,25.16555292767614
1587390940509,24.888134471166147
1587390940550,22.63501334410922
1587390940589,22.504690145202993
1587390940629,20.827913789979764
1587390940670,23.39789603935854
1587390940709,23.531992048384225
1587390940749,26.090677041687663
1587390940790,25.180694007518426
1587390940831,25.76184468168407
1587390940879,27.40504111807192
1587390940919,24.390082618654606
1587390940960,25.135757762012897
1587390940999,25.896947144641345
1587390941039,25.645729436202963
1587390941079,27.102491504968494
1587390941118,25.818126911758057
1587390941159,26.210655279415644
1587390941200,25.586141635649945
1587390941239,25.384761089030444
1587390941279,27.532666467344967
1587390941319,26.23574612409008
1587390941358,25.669199547585816
1587390941409,26.230501700387073
1587390941450,26.189307613548195
1587390941489,24.860642269165805
1587390941529,24.73978726863306
1587390941569,29.53376720255735
1587390941609,27.2534410368683
1587390941649,25.400206632679417
1587390941689,26.993115860525037
1587390941729,26.175385670937445
1587390941769,25.538776109267232
1587390941809,22.884059397757103
1587390941849,19.940140457453605
1587390941889,24.49315652903181
1587390941929,26.71237947282212
1587390941979,28.128704768943624
1587390942019,27.00864933257723
1587390942059,27.47216668660535
1587390942099,26.557390732609854
1587390942139,26.551775739408242
1587390942179,26.629221783453595
1587390942219,26.592007527309484
1587390942258,25.879751546025513
1587390942298,31.16488033849635
1587390942339,29.696004973712682
1587390942374,28.86939630833041
1587390942414,29.471934919046635
1587390942454,29.367106087153218
1587390942493,27.945020507125662
1587390942544,24.23342803851707
1587390942584,26.65028936556724
1587390942624,23.24846045607228
1587390942665,28.98672852473392
1587390942704,29.02886363725619
1587390942744,29.256352029918524
1587390942784,32.03466352847986
1587390942824,28.505296582201108
1587390942864,26.453581126551356
1587390942904,25.876533478418168
1587390942944,23.405680396467528
1587390942983,23.866631564896544
1587390943024,28.764237263832687
1587390943064,25.58225606866958
1587390943114,25.798263249692997
1587390943154,24.8932900673425
1587390943198,27.060320855396757
1587390943234,24.460851659370224
1587390943274,31.22474980246109
1587390943314,27.546085299650564
1587390943354,26.783013767592827
1587390943394,22.154566838098795
1587390943435,18.50171526834653
1587390943474,22.31553779619883
1587390943514,28.206225295077836
1587390943556,26.485761676896097
1587390943594,25.3437461268066
1587390943644,25.85298921653315
1587390943686,26.070023973457637
1587390943724,28.755760366141303
1587390943763,30.356668878434384
1587390943804,29.12125045638456
1587390943844,28.38454826677749
1587390943883,31.071164269145637
1587390943923,28.4700910104408
1587390943963,26.22701345141172
1587390944003,27.854517883982957
1587390944044,26.157123292415363
1587390944083,27.604523556250548
1587390944124,26.86178252147826
1587390944164,27.36149188535977
1587390944214,28.232299892153275
1587390944253,31.720253329780217
1587390944294,26.779179274271815
1587390944334,27.696636849179303
1587390944374,27.965065778127407
1587390944415,26.528272728297082
1587390944454,26.08916247624134
1587390944494,23.97553042802764
1587390944534,20.579283249620097
1587390944569,19.506272323550547
1587390944609,25.787184946226162
1587390944650,25.962760909260965
1587390944690,28.503378021989704
1587390944731,30.72467159593426
1587390944779,26.606024095669877
1587390944819,23.49473750163924
1587390944859,21.90342642953798
1587390944903,19.155747173573914
1587390944939,20.69263713741588
1587390944980,27.363867191567447
1587390945019,26.79606328246688
1587390945060,27.24552885403906
1587390945099,26.385254689369475
1587390945139,27.403472668311302
1587390945179,29.4460465713208
1587390945227,30.537560707460194
1587390945259,27.712510925977757
1587390945302,23.83213074773495
1587390945349,26.454447493670216
1587390945390,23.961224495465817
1587390945431,27.139510954243605
1587390945470,28.062034511829765
1587390945509,28.343937354369277
1587390945551,26.852357531295432
1587390945589,25.617021868480393
1587390945629,26.06101130397342
1587390945669,29.942631296512722
1587390945709,30.979620956382487
1587390945749,26.82174802504198
1587390945789,28.364908330679086
1587390945831,28.77407664983647
1587390945880,26.777494892283542
1587390945919,26.06864000852829
1587390945959,26.96047609554649
1587390945999,25.487457724644976
1587390946039,24.787806141880257
1587390946079,27.52741492619873
1587390946120,29.504699875677648
1587390946159,30.08139696851528
1587390946199,30.206250607697612
1587390946239,28.197337363292185
1587390946280,27.952323583297204
1587390946319,27.31565383675649
1587390946359,27.672076475744337
1587390946400,27.381507833676302
1587390946449,29.17864932362656
1587390946489,27.763285804955032
1587390946530,25.946194261533144
1587390946569,27.822694170121494
1587390946609,28.845083650159896
1587390946657,30.976211692901792
1587390946689,29.37696121164384
1587390946731,25.4990532473579
1587390946764,26.419491479212596
1587390946804,27.26030969619021
1587390946844,26.53998099884732
1587390946884,27.691633607914092
1587390946924,28.5476880579537
1587390946964,27.598654745142944
1587390947014,27.34891315579176
1587390947054,26.810159937318424
1587390947095,27.396487072568387
1587390947134,30.328037451568548
1587390947174,30.20948265231498
1587390947215,24.484587227356194
1587390947254,17.60573085702896
1587390947294,19.13000325615853
1587390947335,17.692594314637297
1587390947374,27.54096097101108
1587390947416,25.982034600278162
1587390947456,28.140602158619444
1587390947494,26.861173463920046
1587390947534,26.004769758214515
1587390947585,25.55931409327276
1587390947624,30.73670490891809
1587390947664,29.75530020420932
1587390947704,27.302219825648276
1587390947744,25.727970758582014
1587390947784,29.175632364422853
1587390947824,28.668511416456973
1587390947864,27.166171783117687
1587390947905,27.993086193877584
1587390947944,25.740732733470093
1587390947984,26.614989404541035
1587390948024,26.28999797088948
1587390948064,26.131531384420317
1587390948114,31.3022927535794
1587390948156,29.14890391553293
1587390948194,28.113557867046374
1587390948236,28.13722058348685
1587390948274,26.410927092611438
1587390948314,26.340407050536335
1587390948354,25.072329874471016
1587390948394,22.83081541801627
1587390948434,24.779170548489596
1587390948474,23.916054902322045
1587390948515,23.923288542432793
1587390948555,27.54845554907468
1587390948595,30.731696956913964
1587390948636,28.4523788912354
1587390948684,23.88121231824616
1587390948724,23.77510738105987
1587390948764,24.94086232993711
1587390948804,21.22669251011513
1587390948844,26.867349939716107
1587390948884,26.411979186727798
1587390948924,27.836523855010146
1587390948959,29.196873402865396
1587390948999,26.7853260491043
1587390949039,27.660799007382543
1587390949080,30.50727067437493
1587390949119,28.18691931344096
1587390949159,25.6855528278491
1587390949200,21.84293664994957
1587390949251,21.356135377603596
1587390949290,23.836180347481104
1587390949330,29.388738946339103
1587390949369,29.220427461366075
1587390949409,28.502433820252648
1587390949450,27.171864582436193
1587390949489,26.274161531168584
1587390949530,29.709386002162795
1587390949569,31.414401492138815
1587390949610,28.26787166591035
1587390949650,26.24272885217089
1587390949689,27.85643984147349
1587390949730,27.77576900844881
1587390949771,28.344962768130856
1587390949819,30.226609942505082
1587390949859,27.961033113783653
1587390949899,29.111040798834097
1587390949939,26.868476523305617
1587390949979,27.56339752201089
1587390950019,29.001606994911675
1587390950059,31.366648403499354
1587390950102,28.50784309338998
1587390950139,27.69594069708692
1587390950179,28.19264774033664
1587390950219,27.30545715504664
1587390950259,25.740151106384147
1587390950299,21.91136186096901
1587390950349,20.06406345577252
1587390950389,18.99683738300032
1587390950430,27.68724381488712
1587390950469,26.38609023528034
1587390950509,28.973272691634207
1587390950550,30.42668663987566
1587390950589,26.814507201994786
1587390950629,24.586395349481606
1587390950669,24.336698467063044
1587390950709,20.91217343810544
1587390950749,18.673247497580004
1587390950789,27.846626566162378
1587390950830,26.927658000340987
1587390950869,25.23275294131362
1587390950919,25.985706862559148
1587390950959,26.669564994725903
1587390950999,28.902575487090658
1587390951039,31.513989246527316
1587390951082,26.56962959181481
1587390951119,20.958792802505293
1587390951159,22.878342088580744
1587390951195,20.423434254747907
1587390951234,25.238879366031455
1587390951274,28.187301934247422
1587390951314,27.408105890177183
1587390951355,27.270031205409925
1587390951397,26.028100280872376
1587390951433,26.725884720818133
1587390951484,30.30739283352822
1587390951524,29.1102228694401
1587390951564,26.90295482362366
1587390951604,26.163348274048435
1587390951644,28.9846867803455
1587390951684,27.322164477550658
1587390951725,26.79927523137387
1587390951764,27.30137176956303
1587390951804,25.740538866429556
1587390951844,24.72228993512852
1587390951884,27.34418951549668
1587390951924,27.89475260579247
1587390951965,30.285217810554
1587390952004,28.97304551580848
1587390952054,27.24874934068965
1587390952094,28.21738641587531
1587390952134,26.798363563039164
1587390952174,25.682167889195515
1587390952216,25.346570378310926
1587390952254,26.02707799091138
1587390952294,23.785895092851057
1587390952334,24.48558813850319
1587390952375,24.94156924318262
1587390952416,25.09399060453246
1587390952454,30.31362922263893
1587390952495,29.268389265577753
1587390952533,27.364454145707157
1587390952585,22.007747946997064
1587390952624,23.511256563440792
1587390952664,23.712111871493327
1587390952704,23.58001807475761
1587390952744,27.585376480551126
1587390952784,26.589733461542174
1587390952824,28.527981340518828
1587390952864,27.234758293756713
1587390952904,26.477490726966636
1587390952944,31.29441536423583
1587390952984,29.356542827103354
1587390953024,23.074840992352552
1587390953065,19.590307393626848
1587390953105,20.600714889528646
1587390953153,19.20660711805575
1587390953194,29.5937283507834
1587390953234,28.476721359292718
1587390953274,24.742276495835217
1587390953314,26.253698765088348
1587390953354,25.696984483250972
1587390953389,26.988095377820454
1587390953429,31.923167848601814
1587390953469,29.42109967319407
1587390953509,27.49354076726188
1587390953550,29.082039793609088
1587390953589,27.572159223466638
1587390953629,28.098459336255715
1587390953669,27.357935394399497
1587390953719,26.21087564986442
1587390953759,25.277463867219645
1587390953799,26.477959726309646
1587390953839,26.719364319317634
1587390953879,27.80929793055863
1587390953919,30.43028340177358
1587390953959,28.84741013070995
1587390954000,26.633327731187308
1587390954039,26.44727556946709
1587390954079,27.479161616629494
1587390954119,27.47588658362369
1587390954159,28.3785642202602
1587390954199,28.69190452458565
1587390954239,26.395759723540184
1587390954290,27.941451955316783
1587390954329,29.117361912821714
1587390954371,30.616718446485983
1587390954409,30.82916140499062
1587390954450,27.03519273007498
1587390954490,26.267481061811008
1587390954529,25.90070448920009
1587390954569,27.236892565307215
1587390954609,27.785981594886493
1587390954649,29.45761396889404
1587390954689,27.597677243062165
1587390954729,27.21248289387342
1587390954770,26.772483684028096
1587390954819,26.577263399842074
1587390954859,27.723982536801035
1587390954899,31.454159765256385
1587390954939,28.32282539876317
1587390954978,23.79868784765349
1587390955020,21.02670632801715
1587390955059,22.449187753416155
1587390955099,21.37464674734959
1587390955139,28.33582841850027
1587390955179,27.470036500074052
1587390955219,27.3642673961764
1587390955259,27.52184400927964
1587390955299,26.875463783481287
1587390955339,30.552799714748915
1587390955389,30.9693793104168
1587390955429,28.825200911095195
1587390955469,25.692661117304564
1587390955509,30.152930801446264
1587390955549,29.60523332582763
1587390955585,29.276441400259536
1587390955624,29.48985717268656
1587390955664,28.576518121915647
1587390955704,27.214959497224335
1587390955744,26.62088741590095
1587390955784,27.313175522181453
1587390955824,30.232088111389594
1587390955864,31.35522369961307
1587390955904,27.970908624942798
1587390955954,28.107525501608034
1587390955994,29.291528274349208
1587390956034,29.28159151778491
1587390956074,26.797867129806416
1587390956115,27.56754509199169
1587390956156,27.430593868139873
1587390956194,27.076794582713376
1587390956234,24.527761234946247
1587390956274,25.518208557306394
1587390956314,26.49927835323046
1587390956354,27.626199600216378
1587390956394,26.919311130707058
1587390956434,27.37193530439476
1587390956474,28.458390041670675
1587390956524,28.276483207634655
1587390956564,27.25982692055918
1587390956604,28.854101294308446
1587390956644,28.21264525516318
1587390956684,26.053044447713845
1587390956724,24.481816261614085
1587390956765,25.581451724048726
1587390956804,28.96947360955409
1587390956844,27.905792646268253
1587390956884,27.98144455566787
1587390956924,29.133726662532332
1587390956964,28.761098645855693
1587390957004,26.349195759222027
1587390957054,30.409136660535637
1587390957094,27.730003344926864
1587390957136,26.823163515828632
1587390957174,27.652031396000254
1587390957217,25.361461078751777
1587390957254,22.806842911126015
1587390957295,27.99942165284506
1587390957335,28.06130743477914
1587390957374,28.572278012856977
1587390957414,29.051161614833326
1587390957454,29.071950498962067
1587390957495,28.28970456066832
1587390957533,30.856206247974104
1587390957574,27.464643457160793
1587390957624,29.056447228613173
1587390957664,26.419286971774877
1587390957704,21.94745018135976
1587390957744,25.309496974947564
1587390957779,30.256968816237652
1587390957819,28.62265517645127
1587390957859,27.480789549866202
1587390957899,27.97498235598001
1587390957939,28.00146486568133
1587390957979,28.187747056418484
1587390958019,30.15191994958693
1587390958059,29.412162953604533
1587390958099,27.988313121680676
1587390958139,27.966920088905944
1587390958189,27.85544323002238
1587390958230,28.15413555422667
1587390958270,30.79471567265667
1587390958311,27.656124319266148
1587390958353,27.76316006140814
1587390958389,25.08888777247945
1587390958429,26.618052934794942
1587390958469,25.725520208674638
1587390958512,27.842171681535824
1587390958549,27.686001159945093
1587390958589,25.513839588857312
1587390958629,26.993973026902207
1587390958669,27.411617150536056
1587390958709,27.131510240982898
1587390958761,30.366774521138126
1587390958799,28.169182472485936
1587390958840,25.3609885822196
1587390958879,25.419683646112198
1587390958920,21.396032797291745
1587390958958,21.44289198695769
1587390958999,26.097462247437335
1587390959039,25.677233070392667
1587390959079,23.10948032953899
1587390959119,21.655082983934797
1587390959159,21.798988310860086
1587390959199,25.050681768734385
1587390959239,30.95986349581461
1587390959289,28.00673360720083
1587390959330,24.85732514332326
1587390959369,21.492053619791744
1587390959410,21.41607229798182
1587390959449,21.442092235710714
1587390959490,26.865963741243437
1587390959529,24.939751233732554
1587390959570,24.48666644839331
1587390959610,26.20840454093706
1587390959650,28.702876130905565
1587390959689,28.053889598782096
1587390959737,31.212448374575793
1587390959769,27.5099454817059
1587390959810,26.17535059084386
1587390959860,27.401670013895494
1587390959899,26.479104744472984
1587390959939,28.072578582644482
1587390959974,27.46291818057671
1587390960014,26.25176322084085
1587390960054,27.133301956504248
1587390960094,26.439095997183415
1587390960134,26.57549884083935
1587390960174,27.60069330872243
1587390960214,31.072599518368072
1587390960254,28.00375273745633
1587390960294,25.176928399301218
1587390960333,26.331109804489166
1587390960373,30.1258162126072
1587390960424,30.39127850494357
1587390960464,28.79962614387275
1587390960504,25.84719823189646
1587390960544,26.62541241589103
1587390960584,27.56661997950009
1587390960623,25.3643372619444
1587390960664,29.34926582917857
1587390960704,31.010157601165595
1587390960744,25.217063625757522
1587390960784,24.481626286436406
1587390960824,25.858344828906578
1587390960864,21.64276491644752
1587390960904,23.724321689031257
1587390960944,25.942235495537712
1587390960994,25.09349559229962
1587390961033,19.978060305334505
1587390961074,21.663518008742003
1587390961114,22.986740157865576
1587390961155,29.240071320237853
1587390961194,29.857351311336892
1587390961234,26.94990343036939
1587390961274,22.382701857311062
1587390961317,22.096601022037888
1587390961354,24.444900416533294
1587390961394,21.309150237438107
1587390961434,27.52062602651484
1587390961476,25.841992992989603
1587390961524,25.774539707874723
1587390961564,27.30998896783734
1587390961604,26.723293195901732
1587390961646,29.235519103009505
1587390961684,30.811477135476114
1587390961724,27.048038004427255
1587390961764,26.5280409359579
1587390961804,28.481152019872056
1587390961846,27.621873037757474
1587390961884,25.976468352677674
1587390961924,28.74889644390408
1587390961964,29.086226289791128
1587390962004,29.425016162448667
1587390962043,26.85960050218036
1587390962093,25.784051079124666
1587390962134,29.82456996375835
1587390962169,31.667377767979204
1587390962209,25.312407767290615
1587390962249,28.207415570928347
1587390962291,25.843249130760626
1587390962329,23.903731968208927
1587390962369,26.245939902090957
1587390962409,27.580065633274774
1587390962449,27.793488353157542
1587390962489,26.889910587767783
1587390962529,26.42856853572659
1587390962569,26.874373853653836
1587390962610,29.639052994097046
1587390962660,30.577654101183743
1587390962700,26.689446305778105
1587390962738,27.708963720846214
1587390962780,28.055304400035595
1587390962819,27.458155990838833
1587390962860,29.057654724276155
1587390962899,29.260569289530846
1587390962939,30.788234277724005
1587390962980,29.637143252988526
1587390963020,26.729035744704195
1587390963058,23.26108310692048
1587390963099,29.96746142879134
1587390963139,29.439141503903855
1587390963179,25.037922025017423
1587390963229,24.19501216218474
1587390963269,24.216424811316436
1587390963309,25.564788432383907
1587390963349,26.796458571545827
1587390963389,26.31323708988983
1587390963429,25.187753074319986
1587390963469,25.03669110265215
1587390963509,28.438672275662555
1587390963549,28.02738229793715
1587390963597,30.71801900584522
1587390963629,29.52334245619252
1587390963669,30.79527469164063
1587390963709,27.16658597198794
1587390963759,26.67398746086802
1587390963799,27.727562487909154
1587390963839,25.510399848190893
1587390963879,23.96359911997589
1587390963919,23.532830156020687
1587390963959,23.88085533698142
1587390963999,23.968917847678735
1587390964040,25.8322977870975
1587390964079,30.937627981791934
1587390964119,29.172044435166207
1587390964159,26.796534584551793
1587390964199,25.922046486547426
1587390964239,25.063917691173614
1587390964279,25.3643231676519
1587390964329,27.644400946854052
1587390964364,26.105775892978016
1587390964404,27.58319119365888
1587390964444,28.56048829289223
1587390964484,28.14836349319799
1587390964524,29.17094166541567
1587390964564,31.01638730698547
1587390964605,25.75285805895579
1587390964644,27.154091753855056
1587390964684,26.177881476898328
1587390964724,25.077790950749673
1587390964764,25.062225742634094
1587390964804,28.838084053803577
1587390964846,25.579299369664664
1587390964894,27.44394278740806
1587390964934,27.85762674156629
1587390964974,26.384346547189125
1587390965013,29.41744848435186
1587390965053,30.612144799262566
1587390965096,27.73162573528333
1587390965133,25.793950221365876
1587390965174,29.624523140837887
1587390965216,30.255369525483694
1587390965254,27.643854805813163
1587390965294,27.109932940504837
1587390965334,26.22985508432405
1587390965374,26.13284822192473
1587390965414,27.58513137739331
1587390965464,29.06497681745598
1587390965503,28.411603750506806
1587390965544,31.899872656676052
1587390965584,28.36014883407017
1587390965624,28.684384396820498
1587390965664,29.122170136865723
1587390965704,28.51638776826482
1587390965744,29.809790415112445
1587390965784,28.85539160699492
1587390965824,28.163182537551425
1587390965864,28.52037271735677
1587390965904,26.64436295002007
1587390965944,26.414879431508965
1587390965994,29.254735334339067
1587390966034,31.152590057350743
1587390966076,25.16306610253453
1587390966115,26.832541443560267
1587390966153,18.25307280283588
1587390966194,24.763814518795716
1587390966234,26.814002516503493
1587390966274,28.686011474121518
1587390966316,27.264019811657935
1587390966354,27.579257443188613
1587390966394,26.487503215223573
1587390966434,26.332446451826087
1587390966476,29.032135688412147
1587390966514,30.860426710228687
1587390966559,26.81141255737312
1587390966599,23.63966445236892
1587390966640,21.979801219054977
1587390966679,19.02371425571603
1587390966719,22.93846988093412
1587390966760,27.4803263437462
1587390966799,25.65469637890797
1587390966841,20.311175446369255
1587390966879,21.38778328489903
1587390966919,20.858589463574045
1587390966959,29.287726487370644
1587390966998,29.91923636836375
1587390967039,23.537318799589833
1587390967079,21.36945170983994
1587390967129,16.75861162883402
1587390967169,22.681831873116366
1587390967209,26.86121839731389
1587390967249,27.921813397179378
1587390967289,24.653562915314666
1587390967330,24.141700480993332
1587390967369,26.29714423045123
1587390967409,25.072789622806887
1587390967449,30.121319496919043
1587390967489,28.64134146513857
1587390967529,27.61555345806013
1587390967569,25.795679775238746
1587390967609,27.87894356098143
1587390967649,29.639355841395897
1587390967698,27.620284572820005
1587390967739,26.708735461954692
1587390967779,23.591056974167245
1587390967819,29.22555170279367
1587390967860,29.36779294590807
1587390967899,28.97872748150542
1587390967941,31.429136632541702
1587390967979,30.48029306120096
1587390968019,28.192008354886696
1587390968060,26.56329792224712
1587390968099,27.59228860717084
1587390968139,28.150653203984888
1587390968179,27.04042259249492
1587390968229,26.55800108628789
1587390968270,25.65983461829019
1587390968309,26.67806694578477
1587390968349,27.136489569821926
1587390968390,25.871175179219108
1587390968429,30.85008306941379
1587390968473,29.210044526891195
1587390968510,25.174882423198667
1587390968549,26.84209473875559
1587390968589,29.173404914087197
1587390968629,25.28269468668669
1587390968669,29.239346635476366
1587390968710,27.92443674763539
1587390968748,27.215912014968914
1587390968794,27.055563701353172
1587390968834,24.49102009665389
1587390968874,27.42843004353515
1587390968914,30.699209032092693
1587390968954,28.284113608704978
1587390968994,28.06906799613808
1587390969034,25.072540912536855
1587390969074,27.363453608057714
1587390969114,28.06289397196673
1587390969154,30.30344420874323
1587390969194,27.188717780051345
1587390969234,26.744566911682636
1587390969274,28.856650002387955
1587390969314,26.325696972511125
1587390969364,25.66863454159534
1587390969404,31.146491408703945
1587390969444,29.760509669693075
1587390969484,28.343550543731816
1587390969524,27.740992680729427
1587390969564,28.14490994460428
1587390969604,28.588552937014807
1587390969646,28.34694194800175
1587390969684,28.679499504225628
1587390969725,27.44515191279183
1587390969764,28.726156848898583
1587390969806,28.82291652599152
1587390969844,29.63633959363743
1587390969884,31.315083927967777
1587390969934,26.9257744663884
1587390969975,28.086061695318616
1587390970014,23.133857793476288
1587390970057,23.064860600195075
1587390970094,25.22904676152143
1587390970134,29.645589801911694
1587390970174,28.983685454454047
1587390970214,28.129621971117245
1587390970254,26.4572482956782
1587390970294,27.80173806503152
1587390970334,28.59209689683606
1587390970374,31.76028243007925
1587390970415,28.865373045849548
1587390970464,26.547387994160736
1587390970504,28.393640463852478
1587390970544,28.264757640893798
1587390970584,28.010900325469535
1587390970624,26.659179543854666
1587390970664,27.8716781417819
1587390970705,23.821165864824923
1587390970744,21.636950199722772
1587390970784,19.797876121789702
1587390970824,27.871420981018446
1587390970864,30.52951887363698
1587390970905,27.262722769670063
1587390970944,20.354788758681476
1587390970979,18.575646881889995
1587390971029,20.660241809429714
1587390971069,23.59161878277301
1587390971109,26.798935910519784
1587390971149,28.04101004363733
1587390971189,27.712744841139894
1587390971229,29.210032898960733
1587390971269,29.025085594460993
1587390971309,28.331221998499835
1587390971349,30.513071692346358
1587390971390,26.447314012254232
1587390971429,28.056665663691668
1587390971469,26.7527903495375
1587390971509,27.612161332524913
1587390971549,26.472601393181566
1587390971599,25.16251246102909
1587390971639,22.98866472535488
1587390971679,21.197064740583585
1587390971719,25.59136826639166
1587390971759,24.455121171884542
1587390971799,28.89681481533801
1587390971839,30.298908349312544
1587390971879,33.27328140356037
1587390971918,31.171924779085334
1587390971959,29.016179341089842
1587390971999,23.882094729339983
1587390972039,26.38722631980587
1587390972079,27.17331449543719
1587390972119,25.381112239366285
1587390972170,28.14988144284312
1587390972209,26.488939458792853
1587390972249,26.699225970250332
1587390972289,28.790001447778995
1587390972329,30.04917006675861
1587390972369,26.99123143690578
1587390972409,26.1708931142334
1587390972449,26.29373756859931
1587390972489,25.28694368028756
1587390972529,28.63719405654622
1587390972571,27.561086409950274
1587390972612,21.424128625674403
1587390972649,19.257367191209404
1587390972699,19.24160979174397
1587390972739,19.399285507133122
1587390972779,30.27146804109305
1587390972822,29.387876813879643
1587390972860,32.814374372959854
1587390972899,34.09163516992445
1587390972939,33.05168967393561
1587390972979,27.568940874989096
1587390973019,28.5529364570448
1587390973059,28.517090257420755
1587390973099,27.25450828326278
1587390973139,25.49173012050821
1587390973174,25.27814681795433
1587390973214,30.93997084863004
1587390973264,31.194768225839926
1587390973305,28.792024756111807
1587390973344,28.00388321729927
1587390973384,26.64098704850857
1587390973424,25.974741978645245
1587390973464,25.413347340580277
1587390973507,23.218429093151656
1587390973544,22.710516250329256
1587390973584,22.017993335094552
1587390973624,25.93979183925438
1587390973664,28.233828827630674
1587390973704,27.077773137485966
1587390973744,30.114977555633157
1587390973784,28.980266345822713
1587390973834,25.698733504950496
1587390973875,22.4068990099226
1587390973913,23.678746392970762
1587390973954,20.991551634838626
1587390973996,26.720390707469328
1587390974034,27.472058250211127
1587390974074,27.158000933921407
1587390974114,27.259002434318372
1587390974154,25.592244332684537
1587390974194,24.93349115162499
1587390974234,30.895881651275467
1587390974275,28.716221197587405
1587390974314,26.359031719253846
1587390974354,21.43239658481153
1587390974404,24.26938570600283
1587390974444,24.700700476903137
1587390974484,28.591238833226257
1587390974525,27.845213759803926
1587390974564,25.98066510879082
1587390974604,24.947453130672862
1587390974644,30.505728610436286
1587390974683,30.687762187955183
1587390974724,31.09431830534539
1587390974764,29.124338031996796
1587390974804,27.37105635896492
1587390974844,25.213723426149855
1587390974884,25.580808141076133
1587390974934,28.964250207351853
1587390974974,28.464451558447458
1587390975014,29.75382822466475
1587390975054,26.90735348853099
1587390975095,25.09713936111623
1587390975133,24.248187663799776
1587390975174,25.261545891106824
1587390975214,31.125193471480475
1587390975254,26.54474140366448
1587390975295,27.441575943319116
1587390975337,26.070742742255252
1587390975369,25.8086263398487
1587390975409,24.517864355242903
1587390975449,24.288386713676168
1587390975499,22.421327873112812
1587390975539,22.58621517544823
1587390975579,28.127839587746678
1587390975620,27.69458102507489
1587390975659,27.463982978833034
1587390975699,30.202655338701504
1587390975740,27.95358939252017
1587390975779,28.862590127881322
1587390975819,28.424887433937013
1587390975859,23.776265578252907
1587390975899,20.002786152162773
1587390975939,28.19753923021635
1587390975979,27.49044933443651
1587390976019,27.596813318864733
1587390976070,27.91770903519524
1587390976109,28.166033817490344
1587390976149,28.495475979683945
1587390976189,31.10346914872945
1587390976229,27.63966683236049
1587390976269,26.946252720557077
1587390976309,27.78112472359429
1587390976349,28.31726980951788
1587390976389,27.55398394317073
1587390976429,28.54708532124958
1587390976470,27.451244795826586
1587390976509,23.759900284684747
1587390976549,21.520100626499485
1587390976590,22.875555606357064
1587390976640,29.535884751031062
1587390976678,30.68620220652074
1587390976720,27.398358055832595
1587390976760,25.59981393820304
1587390976799,26.34455339858954
1587390976839,24.32000592580185
1587390976879,26.175981989178506
1587390976920,27.89268217696033
1587390976959,27.17745244932161
1587390976999,25.53212996189062
1587390977040,25.159639774170813
1587390977079,26.92921142399922
1587390977119,28.542355337269093
1587390977170,31.156290822988147
1587390977209,27.945265567194774
1587390977250,27.55936927319613
1587390977289,27.042084666721937
1587390977329,27.25404310554026
1587390977369,25.961981055936096
1587390977409,25.796636796829105
1587390977449,26.708378649758146
1587390977489,27.139080125590542
1587390977529,29.367106087153218
1587390977564,28.471424782083528
1587390977604,30.118549427077586
1587390977644,29.285087255278867
1587390977684,26.569832480019393
1587390977736,26.167204340900312
1587390977774,25.84330593242511
1587390977814,27.83990067942099
1587390977854,27.741155760043178
1587390977894,29.841079552867313
1587390977937,29.39430659810236
1587390977974,29.454644634824753
1587390978014,28.410593953073274
1587390978055,28.958050221279777
1587390978094,30.400123933900232
1587390978134,30.65203208142913
1587390978174,25.190585227167055
1587390978214,22.602271576524664
1587390978255,23.479852322797083
1587390978304,21.970466063711584
1587390978343,27.501979185867146
1587390978384,28.518627834658123
1587390978424,27.959606645451345
1587390978464,25.88102183834757
1587390978505,26.815990637748968
1587390978544,27.53474051003667
1587390978584,31.072711213123373
1587390978624,30.20882211539004
1587390978664,28.182019524236097
1587390978706,28.305048935028335
1587390978744,28.329929900856293
1587390978786,27.48890711313492
1587390978824,28.705309417679956
1587390978874,27.556349886842092
1587390978914,27.40590880895653
1587390978955,26.342320375985842
1587390978994,26.704912426409685
1587390979034,26.37058978494784
1587390979074,30.36991380792938
1587390979114,29.932711046134784
1587390979154,26.319808010638948
1587390979193,27.160424910123695
1587390979234,26.942010912632995
1587390979275,28.063514797707157
1587390979315,27.646776486509324
1587390979353,27.490889868522647
1587390979404,26.103089673737262
1587390979444,27.7467986077637
1587390979485,27.10442269006259
1587390979524,26.996161181616834
1587390979564,30.750815595221592
1587390979604,28.370815990915744
1587390979644,24.934315976622088
1587390979686,25.840685971580047
1587390979724,24.747356272984433
1587390979759,23.334776377019026
1587390979799,26.98948676851184
1587390979839,27.803301730751034
1587390979879,26.349588951617967
1587390979919,28.936140973355645
1587390979970,25.587681501837544
1587390980009,25.38420694201897
1587390980050,30.5303533274367
1587390980089,27.335152074776552
1587390980129,26.143833851259206
1587390980169,28.103458008246633
1587390980209,28.009743091757645
1587390980249,27.39501707935468
1587390980290,29.560708353658377
1587390980329,22.764476988111383
1587390980369,19.188123000148487
1587390980410,25.47768526401989
1587390980449,29.606114409193474
1587390980489,29.214751280983414
1587390980539,30.35059463346657
1587390980579,29.489172995610645
1587390980619,29.094190131831944
1587390980659,29.281139696348394
1587390980699,28.392815962549562
1587390980739,28.613773704853358
1587390980779,29.174682906874082
1587390980820,26.808260114302026
1587390980859,25.981521091576667
1587390980899,26.372372528483364
1587390980939,26.04069279825979
1587390980979,26.348398030993675
1587390981019,26.646828901717615
1587390981060,25.69732390075096
1587390981109,26.28148222243849
1587390981150,24.79854443179093
1587390981189,24.32021206626257
1587390981230,25.967792814430616
1587390981271,25.323675810000736
1587390981309,25.365739415399982
1587390981352,24.81529802424739
1587390981389,26.35013936117446
1587390981429,24.042436567747917
1587390981470,26.877294647964263
1587390981509,28.866222676719318
1587390981549,25.61778641467603
1587390981589,26.026757341528175
1587390981639,28.07066681745569
1587390981679,27.710684312945737
1587390981719,27.158453201372325
1587390981759,27.675633230921495
1587390981798,26.819228216799978
1587390981839,26.773288719046313
1587390981879,27.285190933931442
1587390981919,25.502809163276375
1587390981958,26.862481334756335
1587390981994,27.8313518671629
1587390982036,27.528695226905015
1587390982074,26.488297560143394
1587390982125,27.898320401104215
1587390982154,27.59957727157676
1587390982204,26.6338801585862
1587390982244,24.914828528480044
1587390982285,26.125769217170575
1587390982324,26.122089251610497
1587390982364,27.476640579890397
1587390982404,27.04720579359631
1587390982444,26.926502404030078
1587390982485,30.67776985433314
1587390982524,30.101510646140905
1587390982564,29.641425171602208
1587390982604,26.561570472565865
1587390982644,27.510465730539764
1587390982685,24.829540943527864
1587390982724,27.378486275458563
1587390982776,27.935807114396532
1587390982816,27.781221671900948
1587390982856,27.507670273291023
1587390982896,29.260845122909018
1587390982934,28.886564111167218
1587390982979,27.88413811283248
1587390983014,28.995182205361438
1587390983054,29.591316656534655
1587390983094,29.051351574411242
1587390983134,28.677538092561782
1587390983174,27.125806540471274
1587390983214,27.731356059995036
1587390983254,28.171560927808194
1587390983294,28.3178481790687
1587390983344,28.472027774328133
1587390983385,27.310556237542073
1587390983424,27.511205150565317
1587390983464,28.298151033412886
1587390983504,28.5491640709678
1587390983544,29.1059135565472
1587390983584,28.994412424490456
1587390983624,28.554349834863327
1587390983664,25.929508491802366
1587390983704,24.58787027833352
1587390983744,22.527650172071105
1587390983785,23.051197537179956
1587390983824,23.32842942695958
1587390983874,21.845726146485973
1587390983914,26.541034540230296
1587390983954,25.90219281955485
1587390983994,26.170413165506346
1587390984034,25.163243252911116
1587390984074,25.51007276071696
1587390984114,28.852905283276197
1587390984156,27.095377907495667
1587390984197,27.05084912367036
1587390984229,26.62375696049949
1587390984269,25.19196394913214
1587390984309,26.523067898143196
1587390984350,25.871200262683878
1587390984389,27.622669147240373
1587390984439,27.168619112924137
1587390984480,26.884669985877764
1587390984519,27.26582137455685
1587390984559,27.97288026228054
1587390984599,29.270605807968643
1587390984639,28.98538175463139
1587390984679,26.782271543759627
1587390984719,26.662551791366766
1587390984759,26.55972460455317
1587390984799,27.253491212445677
1587390984838,26.610855496632485
1587390984879,25.875825684558254
1587390984919,25.547716429139285
1587390984959,27.560657189407294
1587390985010,28.307164484139207
1587390985049,27.996151280443655
1587390985089,29.111222209572283
1587390985129,30.4139995565231
1587390985172,28.57511530598986
1587390985209,29.42265838848347
1587390985248,27.674304446729643
1587390985289,29.10766696288433
1587390985330,27.380400468407228
1587390985369,26.552885383216392
1587390985409,27.21373057878094
1587390985449,28.70710166563355
1587390985489,28.735382421573625
1587390985529,28.482063047244317
1587390985579,27.99728523720487
1587390985619,27.441859858014727
1587390985658,27.726961262325172
1587390985702,27.325584380826285
1587390985739,27.75236907135971
1587390985779,27.639157659893236
1587390985820,28.929100651655816
1587390985859,27.475379512519503
1587390985901,25.55729903860079
1587390985939,22.89691454772399
1587390985979,22.940145033881922
1587390986019,25.60391725309168
1587390986058,24.14013133267883
1587390986109,24.95857036893566
1587390986151,24.82409359385262
1587390986190,21.885848199848358
1587390986229,25.135728050004666
1587390986269,22.533956141614063
1587390986309,25.429170804440954
1587390986349,28.191313743329832
1587390986394,24.151783665056612
1587390986425,25.705077583523742
1587390986463,24.903371360982575
1587390986504,24.711549572469128
1587390986544,22.73187358397472
1587390986584,25.296803688533878
1587390986624,25.730542996397286
1587390986674,24.41242626760124
1587390986714,22.031085014919366
1587390986756,23.46993315322521
1587390986794,23.30135092597912
1587390986836,25.305734311770337
1587390986874,25.4355950031041
1587390986914,25.270743658487778
1587390986956,22.010540381347976
1587390986994,22.65531121116822
1587390987035,19.265640673370516
1587390987074,20.132511431440715
1587390987114,18.73387429976367
1587390987154,21.27097563921525
1587390987194,25.343781529795386
1587390987244,26.419010595071732
1587390987286,25.748854444343966
1587390987324,27.865343600613084
1587390987364,24.501674572968383
1587390987404,24.16340481729852
1587390987444,23.82967308551795
1587390987487,23.764598384902442
1587390987524,25.400276523823244
1587390987564,25.699653416500592
1587390987604,24.330211564349106
1587390987644,25.007632933815444
1587390987684,25.759869991605978
1587390987724,24.41746845972769
1587390987764,25.757855783446818
1587390987814,22.64981116367099
1587390987854,24.4289515562067
1587390987894,22.377195759190055
1587390987934,24.72829883057416
1587390987974,23.81062677152393
1587390988014,24.77071165786134
1587390988055,24.718505618155614
1587390988094,24.972891678639574
1587390988136,23.17185087311449
1587390988174,23.672456525472327
1587390988214,22.48334589931485
1587390988254,25.899813737968863
1587390988293,25.78030025810071
1587390988344,21.98035423930412
1587390988384,24.74205691552236
1587390988424,26.984486350725195
1587390988464,23.38462052097277
1587390988506,23.657532373413773
1587390988544,23.133480890688325
1587390988579,23.625510515389124
1587390988620,22.720178266573598
1587390988659,21.872420842363034
1587390988699,24.149630945030655
1587390988739,25.056102028620494
1587390988779,25.817682532403737
1587390988819,23.642441522668577
1587390988859,25.32615768584551
1587390988909,24.58018673091487
1587390988949,24.173011329968173
1587390988989,24.616025229603533
1587390989029,23.843818192837276
1587390989070,24.902172246757537
1587390989109,25.532814693610042
1587390989149,25.59465761652499
1587390989189,25.83063972527723
1587390989229,28.312107485466655
1587390989269,27.540393125441362
1587390989310,26.568246496010634
1587390989350,28.575206149518948
1587390989389,27.155832193380252
1587390989429,27.33774315048028
1587390989479,27.395136286531255
1587390989519,27.690891285514013
1587390989559,28.410642876007902
1587390989599,26.719508750405968
1587390989641,26.10387431661517
1587390989679,26.845638619017514
1587390989719,26.57053717593428
1587390989759,27.34177213238853
1587390989799,26.189855405955377
1587390989840,26.323595495622122
1587390989878,27.216505507338677
1587390989919,26.52094642207964
1587390989959,27.06694451180132
1587390989999,25.230696765472644
1587390990050,25.613815957617646
1587390990089,25.998099950218908
1587390990130,24.096822120033732
1587390990169,22.871879213764284
1587390990209,27.396915175229726
1587390990249,26.454447493670216
1587390990289,25.867367083378415
1587390990330,27.371136270445934
1587390990370,24.024648143589967
1587390990410,23.741118340598636
1587390990454,27.21044715500412
1587390990490,27.082989957070094
1587390990529,28.551728973421802
1587390990578,27.88915308853359
1587390990619,27.339339986655823
1587390990659,27.70364569940289
1587390990699,29.12028309838499
1587390990739,28.167564082858863
1587390990774,27.197020564735247
1587390990815,27.617898688385498
1587390990854,28.159914762638692
1587390990895,26.838994605908777
1587390990934,26.830093262543233
1587390990974,28.001656847554433
1587390991016,27.951694424288117
1587390991054,26.349622652166996
1587390991094,26.070167736734128
1587390991144,26.71098425542833
1587390991186,28.394955833321298
1587390991225,27.648276158127434
1587390991264,27.942343395116694
1587390991304,27.851899635636013
1587390991344,27.725071154164198
1587390991385,28.701435113152584
1587390991424,25.995553472324985
1587390991464,23.92842143849911
1587390991504,22.759935178344605
1587390991544,23.471709598240793
1587390991584,22.55653368986045
1587390991625,26.298451587911376
1587390991664,28.17973892472147
1587390991714,26.551813268227058
1587390991754,24.33692167277673
1587390991795,26.00588850349108
1587390991834,26.428116236422486
1587390991874,26.41879500903297
1587390991916,26.758381585761796
1587390991954,26.19337943862977
1587390991994,26.970117555938632
1587390992035,28.517005009940448
1587390992074,28.278810838548125
1587390992117,28.073269784629797
1587390992154,28.10861951315416
1587390992194,26.062229677049864
1587390992235,26.190898351535687
1587390992284,26.810907512109893
1587390992324,25.56650405538133
1587390992365,26.275292990032174
1587390992404,26.520233632677446
1587390992444,29.44471380611236
1587390992484,29.910566436621856
1587390992524,30.133531510629545
1587390992564,30.480442773887933
1587390992604,28.968729988818332
1587390992644,27.24935206008447
1587390992684,27.622313011037733
1587390992724,27.649292307861938
1587390992764,26.52346184957075
1587390992814,28.560630080957875
1587390992854,28.571517047314906
1587390992894,27.166227631112072
1587390992934,27.243444543259475
1587390992971,27.4649519356498
1587390993011,27.080156848034743
1587390993050,25.220721769280658
1587390993090,27.933416852014016
1587390993132,27.34854277231691
1587390993169,27.26666275773927
1587390993209,28.301793057356704
1587390993249,27.940926348294358
1587390993289,27.897148504965156
1587390993332,27.56539751032293
1587390993379,27.850039283275
1587390993420,27.745605461401368
1587390993459,26.665806532303233
1587390993499,26.99725968429156
1587390993539,26.822196397669074
1587390993579,26.58346831158845
1587390993619,25.995577847611617
1587390993659,27.13782017484041
1587390993702,26.571449907481206
1587390993739,26.216919877371513
1587390993780,25.687967158051297
1587390993821,25.39618599902495
1587390993859,25.84148159667361
1587390993899,26.276469851606468
1587390993949,25.958350131466386
1587390993989,25.338163005848507
1587390994030,25.385476465415103
1587390994069,27.631098947789823
1587390994109,26.881634891057562
1587390994149,25.637921907708552
1587390994189,25.56355680274236
1587390994231,24.39697390327622
1587390994269,24.37963673996463
1587390994310,26.851892248745113
1587390994349,24.35863377038981
1587390994389,25.393162828792732
1587390994430,23.439577970378863
1587390994470,24.931856601623004
1587390994519,23.305564430468632
1587390994560,25.420066313540154
1587390994599,24.94996571338872
1587390994639,26.109422212806063
1587390994679,25.917221873770707
1587390994719,24.985128512114663
1587390994759,23.408677472045593
1587390994799,28.3882661114503
1587390994840,23.28993582325047
1587390994880,22.366106356009674
1587390994919,25.824558969392044
1587390994959,25.3174328517755
1587390994999,26.23136755325868
1587390995049,26.860194799131108
1587390995089,25.864240318181743
1587390995131,24.323097005802925
1587390995164,25.489991543482024
1587390995204,23.778063219934047
1587390995244,25.086829935442747
1587390995285,26.20737159521715
1587390995324,25.038347447912933
1587390995364,23.927901555009193
1587390995404,25.46093529630297
1587390995443,25.001048618235497
1587390995485,24.246073097782403
1587390995524,25.7623655414524
1587390995564,24.724805538932056
1587390995614,24.58746577627092
1587390995654,25.28822760858568
1587390995694,25.631644558599834
1587390995735,23.13210256137253
1587390995774,29.54760832930093
1587390995815,27.473983677736765
1587390995854,26.7159481557208
1587390995900,27.127074676985746
1587390995934,26.115212023707546
1587390995974,25.42131148869155
1587390996014,24.717475189779925
1587390996054,25.947389814525337
1587390996098,26.51124353067122
1587390996133,28.48926546422584
1587390996184,29.794901962064028
1587390996224,28.90732502285369
1587390996264,26.93206611137045
1587390996304,26.108632634506286
1587390996344,24.95305016935607
1587390996387,26.195969671766584
1587390996424,25.823665140862836
1587390996464,26.66882399985797
1587390996504,31.419868148428765
1587390996544,26.636767421041032
1587390996584,26.621689391312238
1587390996624,27.586268032256093
1587390996664,27.687351137171046
1587390996705,25.29011336243328
1587390996754,22.676483104172217
1587390996794,17.642837382881666
1587390996834,21.81599573154584
1587390996874,27.844449458900066
1587390996914,27.689703305695673
1587390996954,27.74292477703989
1587390996994,30.7511050885877
1587390997034,27.244811342403747
1587390997073,25.15601851624373
1587390997114,24.2444956173858
1587390997154,22.516110653324404
1587390997194,16.68176798892043
1587390997235,27.24666200675106
1587390997284,25.40903894621811
1587390997324,27.72147686173023
1587390997360,27.0226797642431
1587390997401,27.584332583177336
1587390997439,28.280283879687218
1587390997479,31.447914881152634
1587390997519,27.159357595003417
1587390997559,20.86917676057312
1587390997599,27.262067274802707
1587390997639,31.444633544177613
1587390997679,34.16841677757463
1587390997719,32.74711682424758
1587390997759,33.02962444601285
1587390997799,30.062976765722887
1587390997849,25.927874758854124
1587390997889,31.42558276404992
1587390997929,29.673497143330174
1587390997969,30.843077129654276
1587390998009,27.816984883483755
1587390998049,26.220369948612692
1587390998090,28.949014546112572
1587390998130,27.15752530290719
1587390998170,25.2133732127885
1587390998209,27.76220672577078
1587390998255,26.449735222082232
1587390998290,24.75196762659479
1587390998331,26.917172617958222
1587390998369,26.36530991423028
1587390998419,29.863277787137562
1587390998459,29.914814592037636
1587390998499,28.400017165306657
1587390998539,28.508341966285265
1587390998580,27.28276313124999
1587390998619,27.03142102131195
1587390998659,25.138341928910304
1587390998700,24.197290028040435
1587390998739,21.411802155246427
1587390998779,24.59233415241036
1587390998819,26.969635503984925
1587390998859,25.65666675592814
1587390998899,30.8714477784911
1587390998940,28.814814593278992
1587390998989,26.82814177278599
1587390999029,22.288121042774307
1587390999069,25.71669196054449
1587390999109,19.46688521190743
1587390999149,23.722172533348342
1587390999189,27.696253773373975
1587390999229,30.273120586847174
1587390999269,29.537386640352437
1587390999310,28.568097791492946
1587390999350,28.742471681015513
1587390999390,30.622601980692327
1587390999429,31.61778302219007
1587390999469,23.071377347336792
1587390999519,22.85005702614392
1587390999559,22.071343510825947
1587390999596,20.345196867821368
1587390999634,29.14531153106865
1587390999675,27.55814476106899
1587390999714,26.407530966049798
1587390999754,25.541503437245126
1587390999794,25.64287513489573
1587390999834,26.620755497867364
1587390999874,31.650675373079103
1587390999914,28.956275408673168
1587390999956,29.307208252414377
1587390999995,29.828285369713832
1587391000035,28.664468992746404
1587391000084,27.482338983231095
1587391000125,27.445793441909075
1587391000164,26.866163221514242
1587391000204,24.39452531291639
1587391000244,26.44825849956262
1587391000284,26.25201598181604
1587391000325,25.854091086480917
1587391000364,31.46123881055541
1587391000404,28.48214554594678
1587391000446,28.52115632324253
1587391000484,28.404309765214922
1587391000524,27.369066977124056
1587391000564,28.07339819255364
1587391000604,28.579655156281497
1587391000654,27.769693903047283
1587391000695,26.69742215048761
1587391000733,28.085372526397556
1587391000774,29.309407916953294
1587391000814,29.18207674015371
1587391000853,31.033922913326457
1587391000894,28.07528610605342
1587391000934,27.136976880942832
1587391000975,25.999135172164994
1587391001014,26.3892081871186
1587391001053,26.998986723505976
1587391001094,30.004958110705257
1587391001134,27.7919856214957
1587391001180,27.264920686524103
1587391001224,25.884105287987897
1587391001264,26.896714920200925
1587391001304,28.106618611916257
1587391001344,31.147462855666852
1587391001384,29.151709688758455
1587391001424,24.618234949464846
1587391001465,19.012076870948032
1587391001504,23.37053480669283
1587391001544,19.56670002043136
1587391001584,28.145422580208283
1587391001624,26.04798397769799
1587391001664,29.482237919043094
1587391001704,26.62025417279233
1587391001753,26.34550925376034
1587391001789,27.662173447032448
1587391001829,30.920453325441493
1587391001869,27.12712163789426
1587391001910,26.356021016039676
1587391001949,25.67771828119145
1587391001991,29.475636314845804
1587391002029,26.415930568708266
1587391002069,28.102985407198897
1587391002109,28.103067928548107
1587391002148,24.962522329081473
1587391002189,28.016222693822183
1587391002232,26.884213118679714
1587391002268,28.50176659742553
1587391002318,31.45518439410153
1587391002359,27.536924667488584
1587391002400,28.282137976634708
1587391002439,28.086121945326298
1587391002479,27.35135332702196
1587391002518,26.40428193945255
1587391002559,25.108194392920275
1587391002599,22.721926803538892
1587391002639,24.08885126294761
1587391002679,24.309344995808523
1587391002719,25.65178860498049
1587391002759,29.19009469267563
1587391002799,30.200344009417876
1587391002839,26.012655629231922
1587391002891,24.51482318821689
1587391002936,20.99565807414023
1587391002969,22.87781741690347
1587391003009,17.271198869499937
1587391003049,28.112618552158906
1587391003089,26.52697884541454
1587391003129,27.662048893386817
1587391003169,27.694568662467525
1587391003210,26.814764569014482
1587391003249,29.596816876737133
1587391003289,30.367001694636954
1587391003329,28.18320172238423
1587391003369,25.699940441212362
1587391003409,22.744143055202475
1587391003461,17.67246997379806
1587391003498,26.880849693096604
1587391003538,28.967104027256024
1587391003578,25.332991511162213
1587391003618,26.34892050336251
1587391003659,25.14872249450516
1587391003698,25.02906224492332
1587391003738,30.42268454226059
1587391003781,30.829720012073555
1587391003818,27.9699959564058
1587391003859,21.88319432231612
1587391003899,28.179591510366823
1587391003938,27.44004248315359
1587391003984,29.376068758364383
1587391004024,29.162185831871366
1587391004064,28.907430993948747
1587391004104,27.80368753594982
1587391004144,26.735320663251425
1587391004185,27.702243188523873
1587391004224,30.37715000879185
1587391004264,30.985431043573715
1587391004304,28.021034012125725
1587391004344,28.104114313284818
1587391004384,28.138854038178295
1587391004424,26.903592659057054
1587391004464,22.14520099046524
1587391004504,19.803940040399397
1587391004554,17.660358762534283
1587391004594,26.175888454476613
1587391004634,25.927181474312796
1587391004675,26.97565487969807
1587391004714,30.635668504454326
1587391004754,29.187687646646914
1587391004794,25.042857405822826
1587391004835,20.569409900182247
1587391004873,21.033378503325302
1587391004914,21.163564258090744
1587391004954,27.674064311509632
1587391004994,26.051480603818863
1587391005034,24.178459492591514
1587391005074,26.00233670858224
1587391005123,24.583958512651485
1587391005164,24.439977178309064
1587391005203,30.56007648617645
1587391005244,29.638823869499383
1587391005284,22.53184614972673
1587391005324,19.591319319187257
1587391005366,23.946920116976912
1587391005403,18.655382053795066
1587391005444,27.71978512314182
1587391005484,28.033835655473425
1587391005524,27.00218259486554
1587391005563,26.608242021497915
1587391005604,26.541383872529156
1587391005644,27.855002424525214
1587391005694,31.101141398285712
1587391005733,27.722275395530907
1587391005775,27.741298449419535
1587391005813,27.187777802322373
1587391005855,29.110255589573693
1587391005894,27.37011506864028
1587391005934,27.893012882019597
1587391005974,26.592336849333968
1587391006013,25.44118589076571
1587391006053,26.741709402217474
1587391006094,28.070602573576345
1587391006133,28.299298457093144
1587391006169,31.367644359291663
1587391006219,28.52015464535419
1587391006259,27.63351520649158
1587391006299,31.118795845314573
1587391006338,32.74968583962239
1587391006379,30.87138630805482
1587391006418,31.616380152179154
1587391006458,29.53193745673749
1587391006499,25.11802072296012
1587391006539,26.976700242419565
1587391006578,26.66231660323625
1587391006619,28.60494086528323
1587391006660,31.021817091970906
1587391006699,30.594714961891025
1587391006739,28.064434516611023
1587391006789,25.817441278854105
1587391006830,21.148912178085034
1587391006869,20.12865458952199
1587391006909,27.71567386948153
1587391006949,28.1942935410768
1587391006989,28.90059992246199
1587391007030,27.532491090487103
1587391007069,27.849923978805826
1587391007109,28.685939318288113
1587391007149,31.567780914879577
1587391007189,26.65639088758738
1587391007228,26.651693736858935
1587391007269,20.301780555237727
1587391007310,20.729691748313513
1587391007358,24.93990664890244
1587391007399,29.062806144722792
1587391007439,26.048935146146786
1587391007480,26.408833220821
1587391007526,26.093376905163087
1587391007559,24.90262685190029
1587391007598,29.655492042408692
1587391007639,31.267671832016486
1587391007679,27.137604681975613
1587391007719,27.020047695349106
1587391007759,29.80546863802957
1587391007799,27.611779132531787
1587391007839,27.05659000785305
1587391007879,27.134689793395626
1587391007929,26.790753801033894
1587391007969,25.027151030737937
1587391008009,26.868297087079686
1587391008049,28.354431960453642
1587391008089,28.819002638060933
1587391008129,30.252413857458738
1587391008169,27.66719828241401
1587391008211,27.326315585420687
1587391008249,27.56887300534143
1587391008289,27.32923469079538
1587391008329,27.9187227702832
1587391008364,30.16591055103031
1587391008404,28.718852095494434
1587391008454,27.19500992604877
1587391008494,27.54998103252809
1587391008533,29.546618448764953
1587391008574,31.343180117726966
1587391008614,30.471811768849356
1587391008654,29.02853629651257
1587391008695,25.432307777596336
1587391008734,28.80204415705862
1587391008774,27.056198607937674
1587391008814,29.789886234291
1587391008854,28.47027369588278
1587391008896,28.276926490487668
1587391008933,26.844476023732184
1587391008974,26.145947591804944
1587391009024,26.66094180447463
1587391009064,30.200774440205286
1587391009104,30.874355723815444
1587391009144,25.792392395182038
1587391009184,18.691400093554048
1587391009224,23.438392279312616
1587391009264,23.401806571557188
1587391009304,26.461394111919883
1587391009344,27.50191456944945
1587391009384,26.58084894948988
1587391009423,26.566959126955037
1587391009465,27.571230853855248
1587391009504,28.102696570127975
1587391009545,30.537599251817902
1587391009593,29.290338433090895
1587391009634,27.12189176933865
1587391009676,24.63478044387452
1587391009713,28.93125238336652
1587391009754,28.693345433348682
1587391009794,28.51046665961777
1587391009834,28.495965995665443
1587391009874,27.569784915112272
1587391009914,26.554182288581146
1587391009955,28.60252757215595
1587391009994,27.23886102750115
1587391010034,31.219516801586728
1587391010074,30.247661829397885
1587391010114,27.612694676294616
1587391010164,29.789542827704004
1587391010204,29.27643567450866
1587391010243,28.21899730521272
1587391010284,26.82398942541365
1587391010323,24.944481133730715
1587391010363,25.260802587729316
1587391010403,25.81479295774381
1587391010443,24.845278285935507
1587391010484,25.71602911792736
1587391010524,30.12297833528349
1587391010560,28.165538398678642
1587391010599,27.95238183415085
1587391010639,24.55285971355414
1587391010688,26.554418047952918
1587391010729,26.966132934476054
1587391010769,28.401750822007955
1587391010810,27.14207630937735
1587391010849,28.000063140845633
1587391010889,28.501017132636655
1587391010929,28.47152471230022
1587391010969,27.723994815962016
1587391011010,31.688833650247595
1587391011049,30.851702817795413
1587391011089,28.118812036902977
1587391011129,26.670717981776168
1587391011169,27.900934398825925
1587391011209,27.89569696032374
1587391011259,29.869658222028313
1587391011299,28.02851576225038
1587391011339,26.286545804420342
1587391011379,26.859985056552233
1587391011419,27.486378759181584
1587391011459,29.480894366074793
1587391011499,30.562123212167833
1587391011539,28.344359612886993
1587391011579,26.958440757671582
1587391011619,27.57631961147007
1587391011659,27.352459205379933
1587391011699,25.875612697456503
1587391011739,30.67035758260851
1587391011780,27.974545791555908
1587391011829,29.50631033769394
1587391011869,28.929702251742814
1587391011909,26.093591391875158
1587391011949,29.023486668678295
1587391011990,30.74639740826331
1587391012029,28.472010547140094
1587391012069,28.141081838845878
1587391012109,27.38101176894824
1587391012149,26.95389318895982
1587391012189,26.985286998649563
1587391012229,26.075118674548282
1587391012269,25.33184855341026
1587391012309,25.595820327189216
1587391012349,24.94717386506362
1587391012399,24.81592173024541
1587391012440,29.330718710594958
1587391012480,29.693332136197633
1587391012519,27.077554644374903
1587391012559,25.645359539990803
1587391012599,23.652027099672694
1587391012638,24.152147006033342
1587391012678,23.896574343100227
1587391012718,27.88580647157495
1587391012759,27.90966906024529
1587391012794,28.86783966288953
1587391012834,26.779876244290712
1587391012874,25.83255719751544
1587391012925,27.496319451227613
1587391012964,31.32715022152574
1587391013004,26.586437140863346
1587391013044,24.84982654994923
1587391013084,26.301332069306504
1587391013126,26.175806609959924
1587391013164,25.448228333515836
1587391013204,23.141776961766773
1587391013244,16.910311432028998
1587391013284,17.966316266691983
1587391013324,21.93253522818953
1587391013364,25.64867427123579
1587391013404,30.234612225446526
1587391013444,30.564120023252038
1587391013494,28.9413271450266
1587391013534,26.221914645727367
1587391013576,25.92376914951317
1587391013614,25.156469490489034
1587391013653,25.856199600895593
1587391013694,28.521139289835293
1587391013734,29.306358212790716
1587391013775,27.78463368143545
1587391013814,28.50376111777278
1587391013854,28.983345502347394
1587391013894,30.15598065029304
1587391013933,31.620235285952823
1587391013975,27.382056982111052
1587391014014,26.23552124579269
1587391014064,26.075651147830573
1587391014104,25.97081529008427
1587391014144,29.694330742690415
1587391014184,24.856968738046334
1587391014226,24.34961657114716
1587391014264,24.262107137374194
1587391014304,27.261343384269953
1587391014344,26.82439728623465
1587391014384,30.600638912707883
1587391014426,29.46083646106883
1587391014464,26.892647478589744
1587391014504,21.644823121240364
1587391014544,22.37047531122901
1587391014584,18.818010092931637
1587391014634,26.66135481257181
1587391014675,28.861887820438206
1587391014715,28.488421163658707
1587391014755,28.28039550791513
1587391014794,29.148072445511147
1587391014834,28.65982231330445
1587391014875,30.518071327819534
1587391014914,30.403237006455655
1587391014954,26.538738996877598
1587391014989,27.376531332854206
1587391015029,26.84344847141898
1587391015069,26.028487357454782
1587391015109,27.81348192987196
1587391015159,26.614239038402346
1587391015199,24.199308675510117
1587391015239,19.735916837992573
1587391015279,19.503039904587222
1587391015319,22.5517555354985
1587391015359,30.838372243683455
1587391015399,30.65058230715474
1587391015439,26.798262254743133
1587391015479,25.8527499163969
1587391015519,26.54426344969842
1587391015559,22.249816947214804
1587391015599,26.460091098163026
1587391015639,27.644988701317526
1587391015678,27.389927855977305
1587391015729,26.906819955405087
1587391015769,27.295787607590306
1587391015811,27.392473213133478
1587391015849,31.21516244315067
1587391015889,28.71573587028808
1587391015930,29.3814822077741
1587391015969,28.258012568923498
1587391016011,28.75597660525869
1587391016049,28.92936735063724
1587391016089,27.033153726866384
1587391016129,25.99704011450539
1587391016169,26.85534815793065
1587391016209,27.36041500780233
1587391016250,26.473496727532506
1587391016299,27.882666427679034
1587391016339,31.009504557660243
1587391016379,29.62005787946376
1587391016418,25.849833173597915
1587391016459,21.217309039266134
1587391016499,21.683465217519412
1587391016540,20.005328470135765
1587391016581,27.761707662397498
1587391016619,28.642418281581303
1587391016659,29.294836430870298
1587391016699,28.72665401005966
1587391016739,27.677673220264694
1587391016779,28.343901868590173
1587391016819,31.35973056015533
1587391016869,26.995924023427623
1587391016909,26.686999244021116
1587391016949,23.55665917031523
1587391016989,25.69151751394677
1587391017030,22.96280684366501
1587391017069,22.800946676270012
1587391017111,17.060325624250268
1587391017149,19.46554238200213
1587391017184,20.785142666074982
1587391017224,24.741235424045072
1587391017264,29.060059681518382
1587391017304,31.142435783568562
1587391017344,28.948035838315892
1587391017395,26.45262682604173
1587391017434,25.72146533778742
1587391017474,25.842182383751783
1587391017514,26.02741071524203
1587391017554,29.31089078283152
1587391017596,28.827166617147682
1587391017634,26.81033168885916
1587391017674,28.765016733054956
1587391017714,30.073164251854777
1587391017754,30.307406380979426
1587391017793,31.205987164813447
1587391017836,28.583921650575288
1587391017874,27.733949968919482
1587391017914,27.39257481969166
1587391017964,27.93526912764607
1587391018004,27.748553118325315
1587391018044,27.567799675529834
1587391018084,26.126679852661745
1587391018125,27.402489895710893
1587391018164,26.51017732377227
1587391018204,22.08207039798023
1587391018244,29.711600947784543
1587391018284,30.244616151027856
1587391018324,28.733034064989994
1587391018364,28.01101526562524
1587391018404,29.108393124230354
1587391018444,26.238927768788443
1587391018484,27.323547124948124
1587391018534,28.58807996682045
1587391018574,28.22816178686036
1587391018613,27.76209718018682
1587391018654,28.492994210676542
1587391018694,27.686058965734368
1587391018733,29.274757704282905
1587391018774,30.261633095621242
1587391018816,27.76748598062771
1587391018855,28.240037324729155
1587391018894,28.21463446782852
1587391018934,27.652193688951833
1587391018974,28.476267029917537
1587391019016,28.82024300056635
1587391019053,26.64412677479742
1587391019105,24.12239233671476
1587391019145,21.1453763962019
1587391019184,23.464228360259366
1587391019224,30.621220066441705
1587391019264,29.618655755241605
1587391019304,27.558765563837678
1587391019344,25.75232316789895
1587391019379,24.451409687609917
1587391019419,25.295472175397936
1587391019461,28.366264203333557
1587391019507,28.4015442204627
1587391019539,30.547797195999735
1587391019579,28.048977838224573
1587391019629,27.77967428014033
1587391019669,27.141463196234334
1587391019710,29.742013818383015
1587391019749,31.29084309748194
1587391019789,27.96197866605557
1587391019829,29.704397591830375
1587391019869,27.96354380012598
1587391019909,26.95902168277639
1587391019956,26.696753302779598
1587391019990,23.9450640198573
1587391020029,24.37762945584147
1587391020069,25.049765106515775
1587391020109,24.948112436558795
1587391020149,25.3543187838767
1587391020199,31.197940335041793
1587391020239,28.802373056147136
1587391020279,25.939896771942067
1587391020319,24.547980878383143
1587391020361,22.49677335377666
1587391020399,21.75483338516543
1587391020439,26.519007577258353
1587391020479,28.840553553757736
1587391020518,28.804987396813946
1587391020558,28.002244259374287
